web_url,snippet,source,keywords,pub_date,word_count,headline.main,headline.kicker,headline.content_kicker,headline.print_headline,headline.name,headline.seo,headline.sub,byline.original,byline.organization,title,release_date,budget,revenue,runtime,genres,spoken_languages,production_countries,vote_average,vote_count
https://www.nytimes.com/2023/05/25/movies/the-attachment-diaries-review.html,"A gynecologist and her patient form a horrifyingly twisted connection in this batty, bloody Argentine melodrama.",The New York Times,"{name: subject, value: Movies, rank: 1, major: N}, {name: creative_works, value: The Attachment Diaries (Movie), rank: 2, major: N}, {name: persons, value: Diment, Valentin Javier, rank: 3, major: N}",2023-05-25T11:00:03+0000,295,"‘The Attachment Diaries’ Review: Love, Sick",,,The Attachment Diaries,,,,By Jeannette Catsoulis,,The Attachment Diaries,2021-10-07,0,0,102,"Drama, Mystery, Thriller, Horror",Spanish,Argentina,4.0,2
https://www.nytimes.com/2023/05/04/movies/you-can-live-forever-review.html,Religion comes between two girls falling in love in the 1990s in this sweet coming-of-age film bathed in grunge hues.,The New York Times,"{name: subject, value: Movies, rank: 1, major: N}, {name: creative_works, value: You Can Live Forever (Movie), rank: 2, major: N}, {name: persons, value: Slutsky, Mark, rank: 3, major: N}, {name: persons, value: Watts, Sarah (Film Director), rank: 4, major: N}, {name: persons, value: ""ODriscoll, Anwen"", rank: 5, major: N}, {name: persons, value: Laporte, June (Actor), rank: 6, major: N}",2023-05-04T11:00:08+0000,294,‘You Can Live Forever’ Review: Do You Love Me Now?,,,You Can Live Forever,,,,By Elisabeth Vincentelli,,You Can Live Forever,2022-06-11,0,0,96,"Drama, Romance","French, English",Canada,7.3,38
https://www.nytimes.com/2023/04/13/movies/one-true-loves-movie-review.html,"A film adaptation of Taylor Jenkins Reid’s novel has potential for drama, but it stumbles on stock melodrama.",The New York Times,"{name: subject, value: Movies, rank: 1, major: N}, {name: persons, value: Bracey, Luke (1989- ), rank: 2, major: N}, {name: persons, value: Liu, Simu, rank: 3, major: N}, {name: persons, value: Reid, Taylor Jenkins, rank: 4, major: N}, {name: persons, value: Soo, Phillipa, rank: 5, major: N}, {name: persons, value: Fickman, Andy, rank: 6, major: N}, {name: creative_works, value: One True Loves (Movie), rank: 7, major: N}",2023-04-13T11:00:06+0000,320,‘One True Loves’ Review: A Romance Lost at Sea,,,One True Loves,,,,By Brandon Yu,,One True Loves,2023-04-07,0,37820,100,"Romance, Drama, Comedy",English,"Germany, United States of America",6.813,48
https://www.nytimes.com/2023/04/13/movies/the-lost-weekend-a-love-story-review.html,"There’s not much Lennon music heard in this doc about his affair with May Pang, and given how much Pang trashes his wife, Yoko Ono, it’s no surprise it was withheld.",The New York Times,"{name: subject, value: Documentary Films and Programs, rank: 1, major: N}, {name: creative_works, value: The Lost Weekend: A Love Story (Movie), rank: 2, major: N}, {name: persons, value: Pang, May, rank: 3, major: N}, {name: persons, value: Lennon, John, rank: 4, major: N}, {name: persons, value: Ono, Yoko, rank: 5, major: N}, {name: persons, value: Brandstein, Eve, rank: 6, major: N}, {name: persons, value: Kaufman, Richard S (Filmmaker), rank: 7, major: N}, {name: persons, value: Samuels, Stuart (Filmmaker), rank: 8, major: N}, {name: subject, value: Content Type: Personal Profile, rank: 9, major: N}, {name: subject, value: Pop and Rock Music, rank: 10, major: N}",2023-04-13T11:00:03+0000,327,‘The Lost Weekend: A Love Story’ Review: When John Lennon Strayed,,,The Lost Weekend:  A Love Story,,,,By Glenn Kenny,,The Lost Weekend: A Love Story,2023-04-13,0,0,95,Documentary,English,United States of America,6.0,2
https://www.nytimes.com/2023/03/30/movies/a-thousand-and-one-review.html,"A mesmerizing Teyana Taylor stars in A.V. Rockwell’s feature directing debut, about motherhood and survival in a fast-changing city.",The New York Times,"{name: subject, value: Movies, rank: 1, major: N}, {name: creative_works, value: A Thousand and One (Movie), rank: 2, major: N}, {name: persons, value: Rockwell, AV (Film Director), rank: 3, major: N}, {name: persons, value: Taylor, Teyana (1990- ), rank: 4, major: N}",2023-03-30T18:53:42+0000,971,‘A Thousand and One’ Review: A New York Love Story,Critic’s Pick,,An Unbending Will Meets a Shifting City,,,,By Manohla Dargis,,A Thousand and One,2023-03-31,0,0,116,Drama,English,United States of America,7.0,50
https://www.nytimes.com/2023/02/09/movies/your-place-or-mine-review.html,This humdrum Netflix romantic comedy features Reese Witherspoon and Ashton Kutcher as longtime friends with possibly hidden feelings for each other.,The New York Times,"{name: subject, value: Movies, rank: 1, major: N}, {name: creative_works, value: Your Place or Mine (Movie), rank: 2, major: N}, {name: persons, value: Witherspoon, Reese, rank: 3, major: N}, {name: persons, value: Kutcher, Ashton, rank: 4, major: N}, {name: persons, value: McKenna, Aline Brosh, rank: 5, major: N}",2023-02-10T00:00:05+0000,569,‘Your Place or Mine’ Review: Try Neither,,,They Have a Humdrum Kind of Love,,,,By Amy Nicholson,,Your Place or Mine,2023-02-10,0,0,109,"Romance, Comedy",English,United States of America,6.31,630
https://www.nytimes.com/2023/02/02/movies/love-in-the-time-of-fentanyl-review.html,"To combat the overdose crisis, a group that includes former and current users open a safe consumption site where shooting up does not have to mean death.",The New York Times,"{name: subject, value: Documentary Films and Programs, rank: 1, major: N}, {name: subject, value: Fentanyl, rank: 2, major: N}, {name: subject, value: Drug Abuse and Traffic, rank: 3, major: N}, {name: subject, value: Volunteers and Community Service, rank: 4, major: N}, {name: creative_works, value: Love in the Time of Fentanyl (Movie), rank: 5, major: N}, {name: persons, value: Askey, Colin, rank: 6, major: N}, {name: glocations, value: Vancouver (British Columbia), rank: 7, major: N}, {name: organizations, value: Overdose Prevention Society, rank: 8, major: N}",2023-02-02T12:00:11+0000,306,"‘Love in the Time of Fentanyl’ Review: Heartbreak, Death and Hope in Vancouver",,,Love in the Time Of Fentanyl,,,,By Concepción de León,,Love in the Time of Fentanyl,2023-02-03,0,0,85,Documentary,English,"Canada, United States of America",0.0,0
https://www.nytimes.com/2023/01/19/movies/after-love-review.html,"In this intelligent melodrama by the director Aleem Khan, a British woman discovers her husband has been leading a double life.",The New York Times,"{name: subject, value: Movies, rank: 1, major: N}, {name: creative_works, value: After Love (2020) (Movie), rank: 2, major: N}, {name: persons, value: Khan, Aleem, rank: 3, major: N}, {name: persons, value: Scanlan, Joanna (1961- ), rank: 4, major: N}",2023-01-19T12:00:06+0000,359,‘After Love’ Review: The Other Woman,Critic’s Pick,,After Love,,,,By Beatrice Loayza,,After Love,2021-06-04,0,0,89,Drama,"English, Arabic, French, Urdu",United Kingdom,7.3,90
https://www.nytimes.com/2017/08/08/movies/after-love-review.html,"A couple break up, but remain together, frustratingly, because of the husband’s financial woes.",The New York Times,"{name: subject, value: Movies, rank: 1, major: N}, {name: creative_works, value: After Love (Movie), rank: 2, major: N}, {name: persons, value: Lafosse, Joachim, rank: 3, major: N}, {name: persons, value: Bejo, Berenice, rank: 4, major: N}, {name: persons, value: Kahn, Cedric, rank: 5, major: N}",2017-08-08T19:17:54+0000,274,Review: Staying Together ‘After Love’ and Regretting Every Moment,,,After Love,,,,By Glenn Kenny,,After Love,2021-06-04,0,0,89,Drama,"English, Arabic, French, Urdu",United Kingdom,7.3,90
https://www.nytimes.com/2023/01/05/movies/alcarras-review.html,"In this naturalistic drama from Spain, a family confronts the impending loss of its generations-old farm.",The New York Times,"{name: subject, value: Movies, rank: 1, major: N}, {name: persons, value: Simon, Carla, rank: 2, major: N}, {name: creative_works, value: Alcarras (Movie), rank: 3, major: N}",2023-01-05T12:00:03+0000,306,‘Alcarràs’ Review: Labor of Love,,,Alcarràs,,,,By Devika Girish,,Alcarràs,2022-04-29,0,0,120,Drama,Catalan,Spain,6.908,158
https://www.nytimes.com/2022/11/23/movies/sound-of-christmas-review.html,A young singer gets more than she bargained for when she accepts a job as a nanny for a billionaire’s children.,The New York Times,"{name: subject, value: Movies, rank: 1, major: N}, {name: persons, value: Ne-Yo, rank: 2, major: N}, {name: creative_works, value: The Sound of Christmas (Movie), rank: 3, major: N}, {name: persons, value: Mattison, Booker T, rank: 4, major: N}, {name: persons, value: McNeill, Serayah, rank: 5, major: N}",2022-11-23T15:00:09+0000,277,‘The Sound of Christmas’ Review: A Gospel Singer Finds Love,,,The Sound  Of Christmas,,,,By Concepción de León,,The Sound of Christmas,2022-11-24,0,0,0,"TV Movie, Drama",English,United States of America,8.0,4
https://www.nytimes.com/2022/11/17/movies/the-inspection-review-boot-camp-a-love-story.html,"Elegance Bratton’s autobiographical first feature is a lyrical, wrenching look at a young Marine’s journey through basic training.",The New York Times,"{name: subject, value: Movies, rank: 1, major: N}, {name: creative_works, value: The Inspection (Movie), rank: 2, major: N}, {name: persons, value: Bratton, Elegance, rank: 3, major: N}",2022-11-17T12:00:07+0000,836,"‘The Inspection’ Review: Boot Camp, a Love Story",critic’s pick,,"A Few Good Men, Some With Secrets",,,,By A.O. Scott,,The Inspection,2022-11-18,0,0,95,Drama,"Arabic, Spanish, English",United States of America,6.4,45
https://www.nytimes.com/2022/11/17/movies/bones-and-all-review.html,Luca Guadagnino’s latest stars Timothée Chalamet and Taylor Russell as young cannibals on the run.,The New York Times,"{name: subject, value: Movies, rank: 1, major: N}, {name: creative_works, value: Bones and All (Movie), rank: 2, major: N}, {name: persons, value: Guadagnino, Luca, rank: 3, major: N}, {name: persons, value: Chalamet, Timothee (1995- ), rank: 4, major: N}, {name: persons, value: Russell, Taylor (1994- ), rank: 5, major: N}",2022-11-17T12:00:06+0000,710,‘Bones and All’ Review: You Eat What You Are,,,"It’s Eat, Prey, Love on a Journey of Self-Discovery",,,,By A.O. Scott,,Bones and All,2022-11-18,18000000,15100000,131,"Drama, Horror, Romance",English,"Italy, United States of America",7.127,1079
https://www.nytimes.com/2022/10/20/movies/my-policeman-review.html,"A schoolteacher, her police officer husband and his lover deny each other romantic satisfaction in this dismal melodrama.",The New York Times,"{name: subject, value: Movies, rank: 1, major: N}, {name: creative_works, value: My Policeman (Movie), rank: 2, major: N}, {name: persons, value: Grandage, Michael, rank: 3, major: N}",2022-10-20T16:52:51+0000,303,"‘My Policeman’ Review: Two Love Affairs, Equally Tragic",,,My Policeman,,,,By Teo Bugbee,,My Policeman,2022-10-20,0,0,113,"Drama, Romance",English,"United Kingdom, United States of America",7.758,596
https://www.nytimes.com/2022/09/01/movies/waiting-for-bojangles-review-endless-love.html,"Set in Paris in the 1960s, the film tells the story of two irrepressible lovers, and their young son, whose tale turns tragic.",The New York Times,"{name: subject, value: Movies, rank: 1, major: N}, {name: persons, value: Bourdeaut, Olivier, rank: 2, major: N}, {name: creative_works, value: Waiting for Bojangles (Movie), rank: 3, major: N}, {name: persons, value: Roinsard, Regis, rank: 4, major: N}",2022-09-01T11:00:06+0000,267,‘Waiting for Bojangles’ Review: Endless Love,,,Waiting for Bojangles,,,,By Calum Marsh,,Waiting for Bojangles,2021-10-13,0,0,124,"Drama, Comedy, Romance","French, English","France, United States of America",7.41,278
https://www.nytimes.com/2022/08/04/movies/i-love-my-dad-review.html,This comedy is a daddy-issues movie with a queasy premise truly made for these times.,The New York Times,"{name: subject, value: Movies, rank: 1, major: N}, {name: persons, value: Oswalt, Patton, rank: 2, major: N}, {name: creative_works, value: I Love My Dad (Movie), rank: 3, major: N}, {name: persons, value: Morosini, James, rank: 4, major: N}",2022-08-04T11:00:05+0000,418,‘I Love My Dad’ Review: A Father Catfishes His Son,,,A Father Catfishes His Son. We Just Wait for the Ick.,,,,By Glenn Kenny,,I Love My Dad,2022-08-05,0,0,90,Comedy,English,United States of America,5.768,41
https://www.nytimes.com/2022/07/28/movies/a-love-song-review.html,Two former childhood friends rekindle their connection in this sweetly hopeful story of romantic longing.,The New York Times,"{name: subject, value: Movies, rank: 1, major: N}, {name: creative_works, value: A Love Song (Movie), rank: 2, major: N}, {name: persons, value: Walker-Silverman, Max, rank: 3, major: N}, {name: persons, value: Dickey, Dale (Actor), rank: 4, major: N}, {name: persons, value: STUDI, WES, rank: 5, major: N}",2022-07-28T11:00:06+0000,395,‘A Love Song’ Review: When Moving Forward Means Looking Back,Critic’s Pick,,The Romantic Ache That Never Truly Dies,,,,By Jeannette Catsoulis,,A Love Song,2022-07-29,0,0,81,"Drama, Romance",English,United States of America,7.0,30
https://www.nytimes.com/2022/07/21/movies/alone-together-review.html,"Katie Holmes writes, directs and stars in this minor-key rom-com set in 2020.",The New York Times,"{name: subject, value: Movies, rank: 1, major: N}, {name: persons, value: Holmes, Katie, rank: 2, major: N}, {name: creative_works, value: Alone Together (Movie), rank: 3, major: N}",2022-07-21T15:37:18+0000,254,‘Alone Together’ Review: Finding Love in a Pandemic Retreat,,,Alone Together,,,,By Teo Bugbee,,Alone Together,2022-07-22,0,0,101,"Romance, Drama",English,United States of America,5.1,30
https://www.nytimes.com/2022/07/07/movies/both-sides-of-the-blade-review.html,"In the latest film from Claire Denis, Juliette Binoche plays a Parisian radio journalist in a romantic quandary.",The New York Times,"{name: subject, value: Movies, rank: 1, major: N}, {name: persons, value: Denis, Claire, rank: 2, major: N}, {name: persons, value: Binoche, Juliette, rank: 3, major: N}, {name: persons, value: Lindon, Vincent, rank: 4, major: N}, {name: creative_works, value: Both Sides of the Blade (Movie), rank: 5, major: N}",2022-07-07T11:00:07+0000,649,‘Both Sides of the Blade’ Review: Who Do You Love?,,,A Bliss Doomed To Be Doused,,,,By A.O. Scott,,Both Sides of the Blade,2022-07-08,0,1747438,117,"Drama, Romance",French,France,5.712,66
https://www.nytimes.com/2022/07/06/movies/fire-of-love-review.html,Sara Dosa’s new documentary chronicles the lives and deaths of the French scientists Katia and Maurice Krafft.,The New York Times,"{name: subject, value: Documentary Films and Programs, rank: 1, major: N}, {name: subject, value: Volcanoes, rank: 2, major: N}, {name: creative_works, value: Fire of Love (Movie), rank: 3, major: N}, {name: subject, value: Content Type: Personal Profile, rank: 4, major: N}, {name: subject, value: Deaths (Fatalities), rank: 5, major: N}, {name: persons, value: Dosa, Sara, rank: 6, major: N}, {name: persons, value: Krafft, Maurice (1946-91), rank: 7, major: N}, {name: persons, value: Krafft, Katia (1942-91), rank: 8, major: N}",2022-07-06T11:00:06+0000,609,‘Fire of Love’ Review: A Volcanic Romance,critic’s pick,,A Volcanic Romance Across Continents,,,,By A.O. Scott,,Fire of Love,2022-07-06,0,0,93,Documentary,"Spanish, French, English","Canada, United States of America",7.5,171
https://www.nytimes.com/2022/06/16/movies/stay-prayed-up-review.html,"A new documentary about the gospel ensemble the Branchettes and its guiding light, Lena Mae Perry, is a plain-spoken tribute.",The New York Times,"{name: subject, value: Documentary Films and Programs, rank: 1, major: N}, {name: subject, value: Gospel Music, rank: 2, major: N}, {name: creative_works, value: Stay Prayed Up (Movie), rank: 3, major: N}, {name: subject, value: Content Type: Personal Profile, rank: 4, major: N}, {name: persons, value: Perry, Lena Mae, rank: 5, major: N}, {name: organizations, value: Branchettes (Music Group), rank: 6, major: N}, {name: persons, value: Anderson, DL (Filmmaker), rank: 7, major: N}, {name: persons, value: Durning, Matthew, rank: 8, major: N}",2022-06-16T11:00:08+0000,330,‘Stay Prayed Up’ Review: Spreading the Gospel of Love,,,Stay Prayed Up,,,,By Glenn Kenny,,Stay Prayed Up,2021-09-01,0,0,73,Documentary,,,0.0,0
https://www.nytimes.com/2022/05/26/movies/dinner-in-america-review.html,A rage-fueled rock singer on the run from the police meets and falls in love with a gullible young woman eager to escape her circumstances.,The New York Times,"{name: subject, value: Movies, rank: 1, major: N}, {name: persons, value: Rehmeier, Adam, rank: 2, major: N}, {name: creative_works, value: Dinner in America (Book), rank: 3, major: N}",2022-05-26T11:00:04+0000,254,‘Dinner in America’ Review: A Punk-Rock Love Story,,,Dinner in America,,,,By Concepción de León,,Dinner in America,2020-05-27,0,0,106,"Comedy, Drama, Music, Romance",English,United States of America,6.8,72
https://www.nytimes.com/2022/05/03/movies/in-a-new-york-minute-review.html,This drama from Ximan Li teases time in telling the stories of three Chinese women living in a city that tempts promise but delivers frustration.,The New York Times,"{name: subject, value: Movies, rank: 1, major: N}, {name: creative_works, value: In A New York Minute (Movie), rank: 2, major: N}, {name: persons, value: Ximan Li, rank: 3, major: N}",2022-05-03T21:05:25+0000,299,‘In a New York Minute’ Review: Love or Freedom?,,,In a New York Minute,,,,By Lisa Kennedy,,In a New York Minute,2019-04-28,0,0,102,Drama,English,,5.5,1
https://www.nytimes.com/2022/04/28/movies/anais-in-love-review.html,"A restless woman discovers herself in a seductive French romance that throws out the usual dusty script about women, desire and pleasure.",The New York Times,"{name: subject, value: Movies, rank: 1, major: N}, {name: persons, value: Bourgeois-Tacquet, Charline, rank: 2, major: N}, {name: creative_works, value: Anais in Love (Movie), rank: 3, major: N}",2022-04-28T16:18:57+0000,842,‘Anaïs in Love’ Review: Portrait of a Woman on the Run,Critic’s Pick,,Portrait of a Restless Heart,,,,By Manohla Dargis,,Anaïs in Love,2021-09-15,0,41356,98,"Drama, Romance, Comedy","French, English",France,6.233,129
https://www.nytimes.com/2022/04/28/movies/i-love-america-review.html,The determinedly uplifting comedy follows a 50-year-old French filmmaker as she dates in Los Angeles.,The New York Times,"{name: subject, value: Movies, rank: 1, major: N}, {name: persons, value: Marceau, Sophie, rank: 2, major: N}, {name: creative_works, value: I Love America (Movie), rank: 3, major: N}, {name: persons, value: Azuelos, Lisa, rank: 4, major: N}",2022-04-28T11:00:07+0000,291,‘I Love America’ Review: The Gauche Rituals of Modern Romance,,,I Love America,,,,By Nicolas Rapold,,I Love America,2022-03-11,0,0,102,"Comedy, Romance",French,United States of America,5.2,70
https://www.nytimes.com/2022/04/18/movies/see-you-then-review.html,"Former lovers reconnect, litigating the past and present, in this drama from Mari Walker.",The New York Times,"{name: subject, value: Movies, rank: 1, major: N}, {name: creative_works, value: See You Then (Movie), rank: 2, major: N}, {name: persons, value: Walker, Mari, rank: 3, major: N}",2022-04-18T11:00:03+0000,300,‘See You Then’ Review: The More Things Stay the Same,,,The Persistent Melancholy of Love,,,,By Kyle Turner,,See You Then,2022-04-01,0,0,74,Drama,English,United States of America,2.5,2
https://www.nytimes.com/2022/04/07/movies/la-mami-review-tough-love.html,This documentary about the den mother of dancers at a Mexico City cabaret is vérité at its best.,The New York Times,"{name: subject, value: Documentary Films and Programs, rank: 1, major: N}, {name: subject, value: Women and Girls, rank: 2, major: N}, {name: subject, value: Dancing, rank: 3, major: N}, {name: subject, value: Bars and Nightclubs, rank: 4, major: N}, {name: subject, value: Labor and Jobs, rank: 5, major: N}, {name: subject, value: Content Type: Personal Profile, rank: 6, major: N}, {name: glocations, value: Mexico City (Mexico), rank: 7, major: N}, {name: glocations, value: Mexico, rank: 8, major: N}, {name: creative_works, value: La Mami (Movie), rank: 9, major: N}, {name: persons, value: Garvin, Laura Herrero, rank: 10, major: N}",2022-04-07T11:00:04+0000,278,‘La Mami’ Review: Tough Love,Critic’s Pick,,La Mami,,,,By Beandrea July,,La Mami,2020-01-27,0,0,82,Documentary,Spanish,"Mexico, Spain",6.2,4
https://www.nytimes.com/2022/03/17/movies/love-after-love-review.html,Ann Hui’s World War II-era film is lovely to look at but lacks emotional depth and resonance.,The New York Times,"{name: subject, value: Movies, rank: 1, major: N}, {name: organizations, value: MUBI Inc, rank: 2, major: N}, {name: persons, value: Hui, Ann, rank: 3, major: N}, {name: persons, value: Peng, Eddie (1982- ), rank: 4, major: N}, {name: glocations, value: Hong Kong, rank: 5, major: N}, {name: creative_works, value: Love After Love (Movie), rank: 6, major: N}",2022-03-17T11:00:12+0000,292,‘Love After Love’ Review: Elegance Without a Center,,,Love After Love,,,,By Claire Shaffer,,Love After Love,2018-03-30,0,0,93,Drama,English,United States of America,5.6,19
https://www.nytimes.com/2022/03/17/movies/love-after-love-review.html,Ann Hui’s World War II-era film is lovely to look at but lacks emotional depth and resonance.,The New York Times,"{name: subject, value: Movies, rank: 1, major: N}, {name: organizations, value: MUBI Inc, rank: 2, major: N}, {name: persons, value: Hui, Ann, rank: 3, major: N}, {name: persons, value: Peng, Eddie (1982- ), rank: 4, major: N}, {name: glocations, value: Hong Kong, rank: 5, major: N}, {name: creative_works, value: Love After Love (Movie), rank: 6, major: N}",2022-03-17T11:00:12+0000,292,‘Love After Love’ Review: Elegance Without a Center,,,Love After Love,,,,By Claire Shaffer,,Love After Love,2021-10-22,0,0,144,Drama,Mandarin,China,5.6,24
https://www.nytimes.com/2022/03/17/movies/deep-water-review.html,An unhappy husband raises suspicions when his wife’s lovers begin to disappear.,The New York Times,"{name: subject, value: Movies, rank: 1, major: N}, {name: creative_works, value: Deep Water (Movie), rank: 2, major: N}, {name: persons, value: Affleck, Ben, rank: 3, major: N}, {name: persons, value: Lyne, Adrian, rank: 4, major: N}, {name: persons, value: de Armas, Ana, rank: 5, major: N}",2022-03-17T11:00:05+0000,534,‘Deep Water’ Review: Love and Loathing in New Orleans,,,A Non-Erotic Non-Thriller,,,,By Jeannette Catsoulis,,Deep Water,2022-03-18,4,0,116,"Drama, Mystery, Thriller",English,United States of America,5.761,1144
https://www.nytimes.com/2022/03/03/movies/lucy-and-desi-review.html,"This documentary, directed by Amy Poehler and about the dynamic duo behind “I Love Lucy,” favors the good times over the difficult ones.",The New York Times,"{name: subject, value: Documentary Films and Programs, rank: 1, major: N}, {name: persons, value: Ball, Lucille, rank: 2, major: N}, {name: persons, value: ARNAZ, DESI, rank: 3, major: N}, {name: persons, value: Poehler, Amy, rank: 4, major: N}, {name: creative_works, value: Lucy and Desi (Movie), rank: 5, major: N}, {name: subject, value: Television, rank: 6, major: N}, {name: subject, value: Actors and Actresses, rank: 7, major: N}, {name: subject, value: Content Type: Personal Profile, rank: 8, major: N}",2022-03-03T16:06:54+0000,279,‘Lucy and Desi’ Review: Love in the Time of Television,,,Lucy and Desi,,,,By Natalia Winkelman,,Lucy and Desi,2022-01-21,0,0,102,Documentary,English,United States of America,7.2,34
https://www.nytimes.com/2022/02/23/movies/cyrano-review.html,Peter Dinklage wields pen and sword in a musical adaptation of the durable French romance.,The New York Times,"{name: subject, value: Movies, rank: 1, major: N}, {name: creative_works, value: Cyrano (Movie), rank: 2, major: N}, {name: persons, value: Wright, Joe, rank: 3, major: N}, {name: persons, value: Dinklage, Peter, rank: 4, major: N}, {name: persons, value: Bennett, Haley, rank: 5, major: N}, {name: persons, value: Harrison, Kelvin Jr, rank: 6, major: N}, {name: persons, value: Berninger, Matt, rank: 7, major: N}, {name: persons, value: Besser, Carin, rank: 8, major: N}, {name: persons, value: Dessner, Aaron, rank: 9, major: N}, {name: persons, value: Schmidt, Erica (1975- ), rank: 10, major: N}, {name: organizations, value: National, The (Music Group), rank: 11, major: N}",2022-02-24T00:36:54+0000,845,‘Cyrano’ Review: Who Wrote the Book of Love?,,,Who Gets to Write the Book of Love?,,,,By A.O. Scott,,Cyrano,2021-12-17,20000000,3000000,124,"Drama, Romance",English,"Canada, United Kingdom, United States of America",6.5,258
https://www.nytimes.com/2022/02/11/movies/the-in-between-review.html,A teenage girl thinks that her dead boyfriend’s spirit is reaching out from the Great Beyond.,The New York Times,"{name: persons, value: King, Joey, rank: 1, major: N}, {name: persons, value: Allen, Kyle (1994- ), rank: 2, major: N}, {name: subject, value: Movies, rank: 3, major: N}, {name: persons, value: Posin, Arie, rank: 4, major: N}, {name: creative_works, value: The In Between (Movie), rank: 5, major: N}",2022-02-11T08:00:06+0000,285,‘The In Between’ Review: Love Never Dies,,,The In Between,,,,By Lena Wilson,,The In Between,2022-02-11,0,0,116,"Romance, Science Fiction, Drama",English,United States of America,7.379,641
https://www.nytimes.com/2022/02/04/movies/book-of-love-review.html,"Unbeknown to the author of an uninspired romance novel, the book takes a sharp turn into erotic territory in its Spanish-language release.",The New York Times,"{name: subject, value: Movies, rank: 1, major: N}, {name: persons, value: Claflin, Sam, rank: 2, major: N}, {name: persons, value: Cal y Mayor, Analeine, rank: 3, major: N}, {name: creative_works, value: Book of Love (Movie), rank: 4, major: N}",2022-02-04T05:01:04+0000,269,‘Book of Love’ Review: Lust (Eventually) in Translation,,,Book of Love,,,,By Natalia Winkelman,,Book of Love,2022-01-06,0,398876,106,"Comedy, Romance","English, Spanish","Mexico, United Kingdom, United States of America",5.6,105
https://www.nytimes.com/2022/01/13/movies/the-pink-cloud-review.html,Iuli Gerbase’s first feature film reflects a funhouse-mirror image of our present lives.,The New York Times,"{name: subject, value: Movies, rank: 1, major: N}, {name: creative_works, value: The Pink Cloud (Movie), rank: 2, major: N}, {name: persons, value: Gerbase, Iuli, rank: 3, major: N}",2022-01-13T12:00:05+0000,316,‘The Pink Cloud’ Review: Love in Lockdown,,,The Pink Cloud,,,,By Claire Shaffer,,The Pink Cloud,2021-04-01,0,0,105,"Drama, Science Fiction",Portuguese,Brazil,6.0,25
https://www.nytimes.com/2021/12/23/movies/a-journal-for-jordan-review.html,The actors Michael B. Jordan and Chanté Adams bring a compelling chemistry to the screen as opposites who fall for each other.,The New York Times,"{name: subject, value: Movies, rank: 1, major: N}, {name: creative_works, value: A Journal for Jordan (Movie), rank: 2, major: N}, {name: persons, value: Washington, Denzel, rank: 3, major: N}, {name: persons, value: Jordan, Michael B, rank: 4, major: N}, {name: persons, value: Adams, Chante, rank: 5, major: N}, {name: subject, value: Books and Literature, rank: 6, major: N}, {name: creative_works, value: A Journal for Jordan: A Story of Love and Honor (Book), rank: 7, major: N}, {name: persons, value: Canedy, Dana, rank: 8, major: N}, {name: subject, value: Black People, rank: 9, major: N}, {name: subject, value: Blacks, rank: 10, major: N}",2021-12-23T18:54:12+0000,505,‘A Journal for Jordan’ Review: Reflections on Love Built and Lost,,,Reflections on Love That’s Built and Lost,,,,By Lisa Kennedy,,A Journal for Jordan,2021-12-22,25000000,6700000,131,"Drama, Romance",English,"Canada, United States of America",7.151,93
https://www.nytimes.com/2021/12/08/movies/west-side-story-review.html,"Steven Spielberg rediscovers the breathing, troubling essence of a classic, building a bold and current screen musical with no pretense to perfection.",The New York Times,"{name: subject, value: Movies, rank: 1, major: N}, {name: subject, value: Theater, rank: 2, major: N}, {name: persons, value: Alvarez, David (1994- ), rank: 3, major: N}, {name: persons, value: Bernstein, Leonard, rank: 4, major: N}, {name: persons, value: DeBose, Ariana, rank: 5, major: N}, {name: persons, value: Kushner, Tony, rank: 6, major: N}, {name: persons, value: Laurents, Arthur, rank: 7, major: N}, {name: persons, value: Peck, Justin, rank: 8, major: N}, {name: persons, value: Robbins, Jerome, rank: 9, major: N}, {name: persons, value: Sondheim, Stephen, rank: 10, major: N}, {name: persons, value: Spielberg, Steven, rank: 11, major: N}, {name: persons, value: Tesori, Jeanine, rank: 12, major: N}, {name: glocations, value: New York City, rank: 13, major: N}, {name: creative_works, value: West Side Story (2021) (Movie), rank: 14, major: N}",2021-12-08T14:55:30+0000,1316,"‘West Side Story’ Review: In Love and War, 1957 Might Be Tonight",Critic’s Pick,,"Meeting a Girl Named Maria, Again",,,,By A.O. Scott,,West Side Story,2021-12-08,100000000,74500000,156,"Drama, Romance, Crime","English, Spanish",United States of America,7.023,1381
https://www.nytimes.com/2021/11/05/movies/love-hard-review.html,"When a perennially single journalist travels across the country to meet her dream guy, she finds she’s been catfished.",The New York Times,"{name: subject, value: Movies, rank: 1, major: N}, {name: creative_works, value: Love Hard (Movie), rank: 2, major: N}, {name: persons, value: Jimenez, Hernan, rank: 3, major: N}",2021-11-05T07:01:03+0000,343,"‘Love Hard’ Review: Seeking Connection, Not Perfection",,,Love Hard,,,,By Concepción de León,,Love Hard,2021-11-05,0,0,105,"Comedy, Romance",English,United States of America,6.985,1361
https://www.nytimes.com/2021/10/14/movies/bergman-island-review.html,"In Mia Hansen-Love’s new film, Vicky Krieps and Tim Roth play filmmakers on the rocks in the Baltic Sea.",The New York Times,"{name: subject, value: Movies, rank: 1, major: N}, {name: persons, value: Bergman, Ingmar, rank: 2, major: N}, {name: persons, value: Roth, Tim, rank: 3, major: N}, {name: persons, value: Wasikowska, Mia, rank: 4, major: N}, {name: persons, value: Hansen-Love, Mia, rank: 5, major: N}, {name: creative_works, value: Bergman Island (Movie), rank: 6, major: N}, {name: persons, value: Krieps, Vicky, rank: 7, major: N}",2021-10-14T16:00:06+0000,888,‘Bergman Island’ Review: Love Among the Cinephiles,critic’s pick,,Scenes From Not Quite a Marriage,,,,By A.O. Scott,,Bergman Island,2021-07-14,0,589895,113,"Drama, Romance","German, English, Swedish","Belgium, France, Germany, Mexico, Sweden",6.2,168
https://www.nytimes.com/2021/10/14/movies/hard-luck-love-song-review.html,"Drawn from the plotline of a Todd Snider song, the film follows a pool shark and an escort, taking twists that are both violent and silly.",The New York Times,"{name: subject, value: Movies, rank: 1, major: N}, {name: persons, value: Dorman, Michael (1981- ), rank: 2, major: N}, {name: creative_works, value: Hard Luck Love Song (Movie), rank: 3, major: N}, {name: persons, value: Bush, Sophia (1982- ), rank: 4, major: N}",2021-10-14T12:27:03+0000,320,‘Hard Luck Love Song’ Review: A Glossy Take on a Gritty Tune,,,Hard Luck Love Song,,,,By Glenn Kenny,,Hard Luck Love Song,2021-10-15,0,0,104,"Romance, Music, Drama, Thriller","English, Spanish",United States of America,5.0,8
https://www.nytimes.com/2021/10/07/movies/south-of-heaven-review.html,Jason Sudeikis plays a paroled felon who vows to give his dying lover the best year of her life.,The New York Times,"{name: subject, value: Movies, rank: 1, major: N}, {name: persons, value: Sudeikis, Jason, rank: 2, major: N}, {name: persons, value: Lilly, Evangeline (1979- ), rank: 3, major: N}, {name: persons, value: Keshales, Aharon, rank: 4, major: N}, {name: creative_works, value: South of Heaven (Movie), rank: 5, major: N}",2021-10-07T17:17:19+0000,323,‘South of Heaven’ Review: Anything for Love,,,South of Heaven,,,,By Amy Nicholson,,South of Heaven,2021-10-08,0,0,120,"Crime, Drama, Thriller",English,"United Kingdom, United States of America",6.685,65
https://www.nytimes.com/2021/09/16/movies/wife-of-a-spy-review-trust-or-fear-in-love-and-war.html,"In this latest work by Kiyoshi Kurosawa, a Japanese couple’s relationship is shaped by the forces of churning nationalism that surround it.",The New York Times,"{name: subject, value: Movies, rank: 1, major: N}, {name: persons, value: Kurosawa, Kiyoshi, rank: 2, major: N}, {name: creative_works, value: Wife of a Spy (Movie), rank: 3, major: N}",2021-09-16T11:00:07+0000,448,‘Wife of a Spy’ Review: Trust or Fear in Love and War?,Critic’s Pick,,Marriage Amid Nationalism,,,,By Glenn Kenny,,Wife of a Spy,2020-10-16,0,0,114,"Drama, War, Thriller","English, Japanese",Japan,6.5,75
https://www.nytimes.com/2021/08/26/movies/together-review.html,Sharon Horgan and James McAvoy play a battling couple trapped in lockdown in this theatrical pandemic drama.,The New York Times,"{name: subject, value: Movies, rank: 1, major: N}, {name: creative_works, value: Together (Movie), rank: 2, major: N}, {name: persons, value: Daldry, Stephen, rank: 3, major: N}, {name: persons, value: McAvoy, James, rank: 4, major: N}, {name: persons, value: Horgan, Sharon (1970- ), rank: 5, major: N}",2021-08-26T11:00:06+0000,412,‘Together’ Review: Love and Loathing in London,,,Love and Loathing in a Blighted London,,,,By Jeannette Catsoulis,,Together,2021-08-27,0,214390,87,"Drama, Comedy",English,United Kingdom,5.925,73
https://www.nytimes.com/2021/08/05/movies/annette-review.html,"Adam Driver and Marion Cotillard are star-crossed lovers in this hallucinatory musical, written by Sparks and directed by Leos Carax.",The New York Times,"{name: subject, value: Movies, rank: 1, major: N}, {name: persons, value: Carax, Leos, rank: 2, major: N}, {name: persons, value: Cotillard, Marion, rank: 3, major: N}, {name: persons, value: Driver, Adam, rank: 4, major: N}, {name: persons, value: Mael, Ron, rank: 5, major: N}, {name: persons, value: Mael, Russell, rank: 6, major: N}, {name: creative_works, value: Annette (Movie), rank: 7, major: N}, {name: organizations, value: Sparks (Music Group), rank: 8, major: N}",2021-08-05T11:00:07+0000,1069,‘Annette’ Review: Love Hurts,Critic’s Pick,,A Star Is Born. You Won’t Like Him.,,,,By A.O. Scott,,Annette,2021-07-07,15500000,3700000,140,"Drama, Romance","English, French","Belgium, France, Germany, Greece, Japan, Mexico, Switzerland",6.8,623
https://www.nytimes.com/2021/07/29/movies/resort-to-love-review.html,"In this romantic comedy, a woman reeling from a failed engagement and a flailing career escapes to a glamorous island resort.",The New York Times,"{name: subject, value: Movies, rank: 1, major: N}, {name: persons, value: Milian, Christina, rank: 2, major: N}, {name: creative_works, value: Resort to Love (Movie), rank: 3, major: N}, {name: persons, value: Tsuchida, Steven, rank: 4, major: N}",2021-07-29T11:00:07+0000,310,‘Resort to Love’ Review: A Struggling Singer in Paradise,,,"Her Ex Returns, With His Bride-to-Be",,,,By Concepción de León,,Resort to Love,2021-07-29,0,0,101,"Romance, Comedy",English,United States of America,7.2,380
https://www.nytimes.com/2021/07/14/movies/casanova-last-love-review-reappraising-a-philanderer.html,Benoît Jacquot’s erotic costume drama envisions the Italian playboy as a weathered sad sack living in exile.,The New York Times,"{name: subject, value: Movies, rank: 1, major: N}, {name: persons, value: Jacquot, Benoit, rank: 2, major: N}, {name: creative_works, value: Casanova, Last Love (Movie), rank: 3, major: N}",2021-07-14T22:12:43+0000,312,"‘Casanova, Last Love’ Review: Reappraising a Philanderer",,,"Casanova, Last Love",,,,By Beatrice Loayza,,"Casanova, Last Love",2019-03-20,0,0,99,"Drama, Romance","English, French, German, Italian","Belgium, France, United States of America",4.9,33
https://www.nytimes.com/2021/07/08/movies/running-against-the-wind-review.html,Two childhood best friends reunite in this unfocused yet uplifting sports drama by the filmmaker Jan Philipp Weyl.,The New York Times,"{name: subject, value: Movies, rank: 1, major: N}, {name: creative_works, value: Running Against the Wind (Movie), rank: 2, major: N}, {name: persons, value: Weyl, Jan Philipp, rank: 3, major: N}",2021-07-08T11:00:05+0000,342,‘Running Against the Wind’ Review: Love and Friendship in Addis Ababa,,,Running Against the Wind,,,,By Beatrice Loayza,,Running Against the Wind,2023-07-20,0,0,112,Drama,Amharic,"Ethiopia, Germany",6.5,0
https://www.nytimes.com/2021/06/03/movies/undine-review.html,"Paula Beer and Franz Rogowski, who made an impression in 2019’s “Transit,” are reunited by the director Christian Petzold for this adaptation of a European myth.",The New York Times,"{name: subject, value: Movies, rank: 1, major: N}, {name: persons, value: Petzold, Christian, rank: 2, major: N}, {name: persons, value: Rogowski, Franz, rank: 3, major: N}, {name: creative_works, value: Undine (Movie), rank: 4, major: N}, {name: persons, value: Beer, Paula (1995- ), rank: 5, major: N}",2021-06-03T11:00:08+0000,535,‘Undine’ Review: Love In and Out of the Water,Critic’s Pick,,She’s Like a Sprite Out of Water,,,,By Glenn Kenny,,Undine,2020-07-01,0,0,90,"Fantasy, Drama, Romance","English, German, Spanish","France, Germany",6.5,194
https://www.nytimes.com/2021/05/20/movies/this-town-review.html,This small-town comedy from New Zealand looks at the romance between a country girl and a man accused of killing his family.,The New York Times,"{name: subject, value: Movies, rank: 1, major: N}, {name: creative_works, value: This Town (Movie), rank: 2, major: N}, {name: persons, value: White, David (Director), rank: 3, major: N}",2021-05-20T20:19:17+0000,287,‘This Town’ Review: Love and Rifles,,,This Town,,,,By Devika Girish,,This Town,2020-04-30,0,0,91,Comedy,English,New Zealand,5.8,4
https://www.nytimes.com/2021/04/15/movies/monday-review.html,"Fiery physical contact keeps an expat couple together in Greece, and the sex scenes are enough for a half-dozen movies.",The New York Times,"{name: subject, value: Movies, rank: 1, major: N}, {name: persons, value: Papadimitropoulos, Argyris, rank: 2, major: N}, {name: persons, value: Stan, Sebastian, rank: 3, major: N}, {name: persons, value: Gough, Denise (1980- ), rank: 4, major: N}, {name: creative_works, value: Monday (Movie), rank: 5, major: N}",2021-04-15T11:00:08+0000,349,‘Monday’ Review: A Year of Love and Its Hangovers,,,Monday,,,,By Glenn Kenny,,Monday,2020-09-11,0,0,116,"Drama, Romance","English, Greek","Greece, United Kingdom, United States of America",6.688,152
https://www.nytimes.com/2021/04/15/movies/ride-or-die-review.html,"After upending her life, a woman runs away with her longtime crush in this puzzling Japanese drama.",The New York Times,"{name: subject, value: Movies, rank: 1, major: N}, {name: creative_works, value: Ride or Die (Movie), rank: 2, major: N}, {name: persons, value: Hiroki, Ryuichi, rank: 3, major: N}",2021-04-15T11:00:03+0000,338,‘Ride or Die’ Review: Killing for Love,,,This Is Somehow a Love That’s Worth Killing For,,,,By Natalia Winkelman,,Ride or Die,2021-04-15,0,0,142,"Drama, Romance, Thriller","English, Japanese",Japan,6.8,143
https://www.nytimes.com/2021/03/18/movies/luz-review.html,"In this romantic drama from Jon Garcia, two men find love in prison, then try to make it work on the outside.",The New York Times,"{name: subject, value: Movies, rank: 1, major: N}, {name: creative_works, value: Luz (Movie), rank: 2, major: N}, {name: persons, value: Garcia, Jon (1979- ), rank: 3, major: N}",2021-03-18T11:00:08+0000,296,‘Luz’ Review: Love In and Out of Lockup,,,Luz,,,,By Teo Bugbee,,Luz,2023-10-31,0,0,0,,,,0.0,0
https://www.nytimes.com/2021/03/18/movies/happily-review.html,"In this keeps-you-guessing comedy, Joel McHale and Kerry Bishé play a couple married for 14 years whose mutual passion is undimmed, to the annoyance of their friends.",The New York Times,"{name: subject, value: Movies, rank: 1, major: N}, {name: creative_works, value: Happily (Movie), rank: 2, major: N}, {name: persons, value: Grabinski, BenDavid, rank: 3, major: N}",2021-03-18T11:00:06+0000,344,‘Happily’ Review: Does Long-Lived Love Mean You Need Treatment?,,,Happily,,,,By Glenn Kenny,,Happily,2021-03-19,0,0,96,"Comedy, Romance, Science Fiction, Thriller",English,United States of America,5.7,96
https://www.nytimes.com/2021/02/23/movies/this-is-the-life-review.html,"Ava DuVernay’s 2008 documentary, now streaming on Netflix, is a personal love letter to a slice of Los Angeles’s 1990s hip-hop scene.",The New York Times,"{name: subject, value: Documentary Films and Programs, rank: 1, major: N}, {name: subject, value: Rap and Hip-Hop, rank: 2, major: N}, {name: persons, value: DuVernay, Ava, rank: 3, major: N}, {name: subject, value: Black People, rank: 4, major: N}, {name: subject, value: Blacks, rank: 5, major: N}, {name: glocations, value: California, rank: 6, major: N}, {name: glocations, value: Los Angeles (Calif), rank: 7, major: N}, {name: creative_works, value: This Is the Life (Movie), rank: 8, major: N}",2021-02-23T19:47:00+0000,470,‘This Is the Life’ Review: A Valuable Part of Hip-Hop History,Critic’s Pick,,A Love Letter to 1990s California Hip-Hop,,,,By Robert Daniels,,This Is the Life,2008-02-08,0,0,97,"Documentary, Music",English,United States of America,6.4,7
https://www.nytimes.com/2021/02/11/movies/to-all-the-boys-always-and-forever-review.html,"This final installment of the Netflix rom-com trilogy is earnest, bright-eyed and without a hint of cynicism.",The New York Times,"{name: subject, value: Movies, rank: 1, major: N}, {name: persons, value: Condor, Lana, rank: 2, major: N}, {name: persons, value: Fimognari, Michael, rank: 3, major: N}, {name: persons, value: Centineo, Noah, rank: 4, major: N}, {name: creative_works, value: To All the Boys: Always and Forever (Movie), rank: 5, major: N}",2021-02-12T02:00:03+0000,482,‘To All the Boys: Always and Forever’ Review: Love Sweet Love,,,A Rom-Com Sequel That May Cause Cavities,,,,By Maya Phillips,,To All the Boys: Always and Forever,2021-02-12,0,0,115,"Romance, Comedy, Drama","English, Korean",United States of America,7.6,1779
https://www.nytimes.com/2021/02/11/movies/young-hearts-review.html,"The brother and sister filmmakers Sarah Sherman and Zachary Ray Sherman deliver romance, unadorned.",The New York Times,"{name: subject, value: Movies, rank: 1, major: N}, {name: creative_works, value: Young Hearts (Movie), rank: 2, major: N}, {name: persons, value: Sherman, Sarah (Film Director), rank: 3, major: N}, {name: persons, value: Sherman, Zachary Ray (1984- ), rank: 4, major: N}",2021-02-11T12:00:06+0000,324,‘Young Hearts’ Review: Movie Love by Algorithm,,,Young Hearts,,,,By Kristen Yoonsoo Kim,,Young Hearts,2020-01-24,60000,0,85,"Romance, Comedy",English,United States of America,7.5,13
https://www.nytimes.com/2021/02/04/movies/little-fish-review.html,This sci-fi romance imagines a world with widespread memory loss through the eyes of one couple.,The New York Times,"{name: subject, value: Movies, rank: 1, major: N}, {name: creative_works, value: Little Fish (Movie), rank: 2, major: N}, {name: persons, value: Hartigan, Chad, rank: 3, major: N}",2021-02-04T12:00:06+0000,315,‘Little Fish’ Review: Do You Remember Love?,,,Little Fish,,,,By Kristen Yoonsoo Kim,,Little Fish,2021-02-05,0,39053,101,"Romance, Science Fiction, Drama",English,"Canada, United States of America",7.079,171
https://www.nytimes.com/2021/01/21/movies/atlantis-review-a-bleak-apocalypse-love-story.html,"Ukraine’s official Oscar entry, the movie depicts an all-too-convincing dystopia, with no fancy gadgets or cars.",The New York Times,"{name: subject, value: Movies, rank: 1, major: N}, {name: creative_works, value: Atlantis (Movie), rank: 2, major: N}, {name: persons, value: Vasyanovych, Valentyn, rank: 3, major: N}",2021-01-21T12:00:06+0000,320,‘Atlantis’ Review: A Bleak Apocalypse Love Story,Critic’s Pick,,Atlantis,,,,By Glenn Kenny,,Atlantis,1991-08-21,0,138,74,"Music, Documentary",French,"France, Italy",6.2,42
https://www.nytimes.com/2020/12/24/movies/review-your-name-engraved-herein.html,The filmmaker Patrick Liu keeps the focus on the two young men in this Taiwanese drama and blurs the rest.,The New York Times,"{name: subject, value: Movies, rank: 1, major: N}, {name: glocations, value: Taiwan, rank: 2, major: N}, {name: persons, value: Liu, Patrick (Filmmaker), rank: 3, major: N}, {name: creative_works, value: Your Name Engraved Herein (Movie), rank: 4, major: N}",2020-12-24T12:00:06+0000,295,‘Your Name Engraved Herein’ Review: When Love Is All You Can See,,,Your Name Engraved Herein,,,,By Teo Bugbee,,Your Name Engraved Herein,2020-09-30,0,0,114,"Romance, Drama","Mandarin, English","Taiwan, United States of America",7.895,228
https://www.nytimes.com/2020/12/17/movies/museum-town-review.html,This documentary looks at how a contemporary art museum in Western Massachusetts transformed a struggling small town.,The New York Times,"{name: subject, value: Documentary Films and Programs, rank: 1, major: N}, {name: subject, value: Art, rank: 2, major: N}, {name: creative_works, value: Museum Town (Movie), rank: 3, major: N}, {name: persons, value: Trainer, Jennifer, rank: 4, major: N}, {name: organizations, value: Massachusetts Museum of Contemporary Art, rank: 5, major: N}, {name: subject, value: Museums, rank: 6, major: N}, {name: glocations, value: North Adams (Mass), rank: 7, major: N}",2020-12-17T15:49:52+0000,280,‘Museum Town’ Review: A Love Letter to Mass MoCA,,,Museum Town,,,,By Lovia Gyarkye,,Museum Town,2019-03-10,0,0,75,Documentary,English,United States of America,0.0,0
https://www.nytimes.com/2020/12/10/movies/wild-mountain-thyme-review.html,John Patrick Shanley adapts his play “Outside Mullingar” into a movie. (Don’t worry about the accents.),The New York Times,"{name: subject, value: Movies, rank: 1, major: N}, {name: persons, value: Shanley, John Patrick, rank: 2, major: N}, {name: persons, value: Blunt, Emily, rank: 3, major: N}, {name: persons, value: Dornan, Jamie, rank: 4, major: N}, {name: creative_works, value: Outside Mullingar (Play), rank: 5, major: N}, {name: creative_works, value: Wild Mountain Thyme (Movie), rank: 6, major: N}",2020-12-10T12:00:04+0000,341,‘Wild Mountain Thyme’ Review: Finding Love Down on the Farm,,,Wild Mountain Thyme,,,,By Glenn Kenny,,Wild Mountain Thyme,2020-12-11,0,0,102,"Romance, Drama",English,"Ireland, United Kingdom",5.1,142
https://www.nytimes.com/2020/11/26/movies/my-psychedelic-love-story-review.html,"This Errol Morris documentary explores the relationship between the LSD guru and Joanna Harcourt-Smith, a woman who likened herself to Mata Hari.",The New York Times,"{name: subject, value: Documentary Films and Programs, rank: 1, major: N}, {name: creative_works, value: My Psychedelic Love Story (Movie), rank: 2, major: N}, {name: persons, value: Harcourt-Smith, Joanna (1946-2020), rank: 3, major: N}, {name: persons, value: Morris, Errol, rank: 4, major: N}, {name: subject, value: LSD (Lysergic Acid Diethylamide), rank: 5, major: N}, {name: subject, value: Content Type: Personal Profile, rank: 6, major: N}",2020-11-26T12:00:05+0000,599,‘My Psychedelic Love Story’ Review: On the Run With Timothy Leary,Critic’s Pick,,Acid and Romance: On the Run With Timothy Leary,,,,By Glenn Kenny,,My Psychedelic Love Story,2020-10-22,0,0,107,Documentary,English,United States of America,6.0,5
https://www.nytimes.com/2020/11/17/movies/69-saga-of-danny-hernadez-review.html,The rise and fall of the provocative rapper Tekashi69 is chronicled in this Hulu documentary.,The New York Times,"{name: subject, value: Documentary Films and Programs, rank: 1, major: N}, {name: subject, value: Rap and Hip-Hop, rank: 2, major: N}, {name: persons, value: Gandhi, Vikram, rank: 3, major: N}, {name: persons, value: 6ix9ine (Rapper), rank: 4, major: N}, {name: creative_works, value: 69: The Saga of Danny Hernandez (Movie), rank: 5, major: N}",2020-11-17T19:07:20+0000,363,‘69: The Saga of Danny Hernandez’ Review: A SoundCloud-Rap Rat,,,"Loved in Hip-Hop, but Loathed in the End",,,,By Calum Marsh,,69: The Saga of Danny Hernandez,2021-04-29,0,0,101,"Music, Documentary",English,United States of America,6.9,10
https://www.nytimes.com/2020/11/12/movies/ammonite-review.html,Kate Winslet’s fossil hunter and Saoirse Ronan’s convalescent embark on a forbidden seaside romance.,The New York Times,"{name: subject, value: Movies, rank: 1, major: N}, {name: persons, value: Ronan, Saoirse, rank: 2, major: N}, {name: persons, value: Winslet, Kate, rank: 3, major: N}, {name: persons, value: Lee, Francis (1969- ), rank: 4, major: N}, {name: creative_works, value: Ammonite (Movie), rank: 5, major: N}",2020-11-12T12:00:04+0000,510,‘Ammonite’ Review: Love on the Rocks,Critic’s Pick,,Love on the Rocks,,,,By Jeannette Catsoulis,,Ammonite,2020-11-13,0,1396905,118,"Romance, Drama",English,United Kingdom,7.1,500
https://www.nytimes.com/2020/10/15/movies/love-and-monsters-review.html,The new sci-fi adventure from Michael Matthews lacks the self-seriousness of typical dystopian flicks but doesn’t completely lack depth.,The New York Times,"{name: persons, value: Matthews, Michael (Film Director), rank: 1, major: N}, {name: subject, value: Movies, rank: 2, major: N}, {name: creative_works, value: Love and Monsters (Movie), rank: 3, major: N}",2020-10-15T11:00:07+0000,284,‘Love and Monsters’ Review: Coming-of-Age After the Apocalypse,,,Love and Monsters,,,,By Lovia Gyarkye,,Love and Monsters,2020-10-16,30000000,1122066,109,"Comedy, Action, Adventure, Science Fiction",English,United States of America,7.3,3699
https://www.nytimes.com/2020/09/03/movies/love-guaranteed-review-swiping-left-on-online-dating.html,Rachael Leigh Cook stars in this rom-com about a lawyer and her charming new client who wants to sue a dating website for falsely promising love.,The New York Times,"{name: subject, value: Movies, rank: 1, major: N}, {name: persons, value: Cook, Rachael Leigh, rank: 2, major: N}, {name: persons, value: Wayans, Damon Jr, rank: 3, major: N}, {name: persons, value: Johnson, Mark Steven, rank: 4, major: N}, {name: creative_works, value: Love, Guaranteed (Movie), rank: 5, major: N}",2020-09-03T07:01:05+0000,343,"‘Love, Guaranteed’ Review: Swiping Left on Online Dating",,,"Love, Guaranteed",,,,By Natalia Winkelman,,"Love, Guaranteed",2020-09-02,0,0,91,"Romance, Comedy",English,United States of America,6.414,608
https://www.nytimes.com/2020/06/19/movies/feel-the-beat-review.html,A prickly professional dancer becomes a reluctant instructor for a preteen dance troupe in this formulaic dramedy.,The New York Times,"{name: subject, value: Movies, rank: 1, major: N}, {name: persons, value: Carson, Sofia (1993- ), rank: 2, major: N}, {name: persons, value: Down, Elissa (1975- ), rank: 3, major: N}, {name: creative_works, value: Feel the Beat (Movie), rank: 4, major: N}",2020-06-19T07:01:02+0000,253,‘Feel the Beat’ Review: Tough Love in the Dance Studio,,,A Young Troupe Needs Some Ballet Tough Love,,,,By Natalia Winkelman,,Feel the Beat,2020-06-19,0,0,107,"Comedy, Music, Drama","English, Turkish","Canada, United States of America",7.6,1060
https://www.nytimes.com/2020/06/18/movies/babyteeth-review.html,"Eliza Scanlen plays a seriously ill high schooler who falls for the wrong guy who turns out to have the right stuff, after all.",The New York Times,"{name: subject, value: Movies, rank: 1, major: N}, {name: creative_works, value: Babyteeth (Movie), rank: 2, major: N}, {name: persons, value: Murphy, Shannon (Film Director), rank: 3, major: N}, {name: persons, value: Scanlen, Eliza, rank: 4, major: N}, {name: persons, value: Wallace, Toby (1996- ), rank: 5, major: N}",2020-06-18T16:31:36+0000,517,"‘Babyteeth’ Review: Love Means Never Having, Well, You Know",,,"Love Means Never Having, Well, You Know",,,,By Manohla Dargis,,Babyteeth,2020-06-15,0,989310,118,"Drama, Comedy, Romance",English,Australia,6.861,306
https://www.nytimes.com/2020/06/03/movies/spelling-the-dream-review.html,"This Netflix documentary explores the unbroken Indian-American dominance of the U.S. national spelling bee, to less than winning results.",The New York Times,"{name: subject, value: Documentary Films and Programs, rank: 1, major: N}, {name: subject, value: Scripps National Spelling Bee, rank: 2, major: N}, {name: persons, value: Rega, Sam, rank: 3, major: N}, {name: creative_works, value: Spelling the Dream (Movie), rank: 4, major: N}, {name: subject, value: Spelling, rank: 5, major: N}, {name: organizations, value: Netflix Inc, rank: 6, major: N}",2020-06-03T12:44:10+0000,296,‘Spelling the Dream’ Review: Words of Inspiration,,,Love of Language Spells Success,,,,By Bilal Qureshi,,Spelling the Dream,2020-06-03,0,0,82,Documentary,English,United States of America,7.0,12
https://www.nytimes.com/2020/04/10/movies/love-wedding-repeat-review-a-tumble-down-the-aisle.html,A couple’s reception becomes a disaster (or does it?) in this comedy of multiple errors.,The New York Times,"{name: subject, value: Movies, rank: 1, major: N}, {name: creative_works, value: Love Wedding Repeat (Movie), rank: 2, major: N}, {name: persons, value: Craig, Dean (1974- ), rank: 3, major: N}, {name: persons, value: Claflin, Sam, rank: 4, major: N}, {name: persons, value: Munn, Olivia, rank: 5, major: N}",2020-04-10T07:01:05+0000,414,‘Love Wedding Repeat’ Review: A Tumble Down the Aisle,Movie Review,,Pratfalling Down The Aisle,,,,By Amy Nicholson,,Love Wedding Repeat,2020-04-10,0,0,100,"Comedy, Romance","English, Italian","United Kingdom, Italy",5.641,667
https://www.nytimes.com/2020/03/05/movies/hope-gap-review-a-thin-line-between-love-and-war.html,Annette Bening and Bill Nighy play a couple that has lost its way after 29 years of marriage.,The New York Times,"{name: subject, value: Movies, rank: 1, major: N}, {name: persons, value: Bening, Annette, rank: 2, major: N}, {name: persons, value: Nighy, Bill, rank: 3, major: N}, {name: persons, value: Nicholson, William (1948- ), rank: 4, major: N}, {name: creative_works, value: Hope Gap (Movie), rank: 5, major: N}",2020-03-05T12:00:03+0000,257,‘Hope Gap’ Review: A Thin Line Between Love and War,,,Hope Gap,,,,By Aisha Harris,,Hope Gap,2019-10-03,0,1136167,100,Drama,English,"United Kingdom, United States of America",6.3,114
https://www.nytimes.com/2020/02/28/movies/all-the-bright-places-review.html,Elle Fanning and Justice Smith breathe life into a film about mental illness and the healing power of love.,The New York Times,"{name: subject, value: Movies, rank: 1, major: N}, {name: creative_works, value: All the Bright Places (Movie), rank: 2, major: N}, {name: persons, value: Haley, Brett, rank: 3, major: N}, {name: persons, value: Fanning, Elle, rank: 4, major: N}, {name: persons, value: Smith, Justice (1995- ), rank: 5, major: N}, {name: organizations, value: Netflix Inc, rank: 6, major: N}",2020-02-28T08:01:07+0000,233,‘All the Bright Places’ Review: Love Amid Trauma,Streaming Movie Review,,A Refreshing Exploration of Mental Illness,,,,By Candice Frederick,,All the Bright Places,2020-02-28,0,0,108,"Romance, Drama",English,United States of America,7.67,2726
https://www.nytimes.com/2020/02/13/movies/the-photograph-review.html,Issa Rae and a terrific Lakeith Stanfield play a New York couple whose romance sends them and the story into the past.,The New York Times,"{name: subject, value: Movies, rank: 1, major: N}, {name: creative_works, value: The Photograph (Movie), rank: 2, major: N}, {name: persons, value: Meghie, Stella, rank: 3, major: N}, {name: persons, value: Rae, Issa, rank: 4, major: N}, {name: persons, value: Stanfield, Lakeith, rank: 5, major: N}",2020-02-13T20:54:33+0000,862,‘The Photograph’ Review: An Unabashedly Old-School Love Story,,,An Unabashedly Old-School Love Story,,,,By Manohla Dargis,,The Photograph,2020-02-14,16000000,20690779,106,"Drama, Romance",English,"Canada, United States of America",6.5,191
https://www.nytimes.com/2020/02/12/movies/ordinary-love-review.html,Lesley Manville and Liam Neeson play a married couple facing a cancer diagnosis.,The New York Times,"{name: subject, value: Movies, rank: 1, major: N}, {name: creative_works, value: Ordinary Love (Movie), rank: 2, major: N}, {name: persons, value: Neeson, Liam, rank: 3, major: N}, {name: persons, value: Manville, Lesley, rank: 4, major: N}, {name: persons, value: ""DSa, Lisa Barros"", rank: 5, major: N}, {name: persons, value: Leyburn, Glenn, rank: 6, major: N}",2020-02-12T19:46:45+0000,569,‘Ordinary Love’ Review: In Sickness and in Health,,,Old-Sweater Lives,,,,By A.O. Scott,,Ordinary Love,2019-12-06,0,0,92,"Drama, Romance",English,"Ireland, United Kingdom",6.9,126
https://www.nytimes.com/2020/02/11/movies/to-all-the-boys-ps-i-still-love-you-review.html,The second installment in Netflix’s ’80s-style teen romance trilogy asks the question John Hughes left unanswered.,The New York Times,"{name: subject, value: Movies, rank: 1, major: N}, {name: persons, value: Condor, Lana, rank: 2, major: N}, {name: persons, value: Centineo, Noah, rank: 3, major: N}, {name: creative_works, value: To All the Boys: PS I Still Love You (Movie), rank: 4, major: N}, {name: persons, value: Fimognari, Michael, rank: 5, major: N}",2020-02-11T18:33:41+0000,654,"‘To All the Boys: P.S. I Still Love You’ Review: Bliss, for Now",Streaming Movie Review,,"Follow Your Bliss While It Lasts, Kids",,,,By Amy Nicholson,,To All the Boys: P.S. I Still Love You,2020-02-12,0,0,102,"Romance, Comedy",English,United States of America,6.9,2421
https://www.nytimes.com/2020/01/09/movies/the-woman-who-loves-giraffes-review.html,"This warm documentary uses one woman’s singular passion to fuel a tale of zoological discovery, blatant sexism and environmental alarm.",The New York Times,"{name: subject, value: Documentary Films and Programs, rank: 1, major: N}, {name: subject, value: Giraffes, rank: 2, major: N}, {name: creative_works, value: The Woman Who Loves Giraffes (Movie), rank: 3, major: N}, {name: persons, value: Dagg, Anne Innis, rank: 4, major: N}, {name: persons, value: Reid, Alison (Filmmaker), rank: 5, major: N}",2020-01-09T12:00:04+0000,279,‘The Woman Who Loves Giraffes’ Review: Crackers for Animals,,,A Special Spot  In Her Heart,,,,By Jeannette Catsoulis,,The Woman Who Loves Giraffes,2018-10-03,0,0,81,Documentary,,"Canada, South Africa, United States of America",7.0,12
https://www.nytimes.com/2019/11/05/movies/marriage-story-review.html,"Adam Driver and Scarlett Johansson self-consciously uncouple in Noah Baumbach’s tender, stinging tale of divorce.",The New York Times,"{name: subject, value: Movies, rank: 1, major: N}, {name: persons, value: Baumbach, Noah, rank: 2, major: N}, {name: creative_works, value: Marriage Story (Movie), rank: 3, major: N}, {name: persons, value: Driver, Adam, rank: 4, major: N}, {name: persons, value: Johansson, Scarlett, rank: 5, major: N}, {name: persons, value: ALDA, ALAN, rank: 6, major: N}, {name: persons, value: Dern, Laura, rank: 7, major: N}, {name: persons, value: Liotta, Ray, rank: 8, major: N}",2019-11-05T19:01:02+0000,1244,‘Marriage Story’ Review: Dance Me to the End of Love,critic’s pick,,"Friendly Split, Shattering Break",,,,By A.O. Scott,,Marriage Story,2019-09-28,18000000,2300000,137,Drama,English,United Kingdom,7.75,6549
https://www.nytimes.com/2019/10/17/movies/cyrano-my-love-review.html,This superficial take on the writing and initial staging of “Cyrano de Bergerac” is a whirlwind of soapy declarations and backstage chaos.,The New York Times,"{name: subject, value: Movies, rank: 1, major: N}, {name: creative_works, value: Cyrano, My Love (Movie), rank: 2, major: N}, {name: persons, value: Michalik, Alexis, rank: 3, major: N}",2019-10-17T11:00:03+0000,291,"‘Cyrano, My Love’ Review: A Nose for Romance",,,"Cyrano, My Love",,,,By Jeannette Catsoulis,,"Cyrano, My Love",2018-11-10,0,0,113,"Comedy, History","French, Russian","Belgium, France",7.505,464
https://www.nytimes.com/2019/10/03/movies/pretenders-review.html,"Directed by James Franco and featuring James Franco, this film indulges in a distasteful brand of nostalgia.",The New York Times,"{name: subject, value: Movies, rank: 1, major: N}, {name: persons, value: Franco, James, rank: 2, major: N}, {name: creative_works, value: Pretenders (Movie), rank: 3, major: N}",2019-10-03T11:00:07+0000,276,"‘Pretenders’ Review: A Little New Wave Love, a Lot of Misogyny",,,Pretenders,,,,By Glenn Kenny,,Pretenders,2019-09-27,0,0,95,Drama,English,United States of America,5.8,12
https://www.nytimes.com/2019/09/19/movies/loro-review.html,Toni Servillo plays the former Italian Prime Minister Silvio Berlusconi in Paolo Sorrentino’s extravagant portrait.,The New York Times,"{name: subject, value: Movies, rank: 1, major: N}, {name: creative_works, value: Loro (Movie), rank: 2, major: N}, {name: persons, value: Servillo, Toni, rank: 3, major: N}, {name: persons, value: Sorrentino, Paolo, rank: 4, major: N}, {name: persons, value: Berlusconi, Silvio, rank: 5, major: N}, {name: glocations, value: Italy, rank: 6, major: N}",2019-09-19T17:27:07+0000,820,"‘Loro’ Review: A Corrupt Leader, and the People Who Love Him",,,Corruption and Charisma Personified,,,,By A.O. Scott,,Loro,2018-09-13,0,0,157,Drama,Italian,"France, Italy",6.687,260
https://www.nytimes.com/2019/08/29/movies/falling-inn-love-review.html,"It’s hard to find a reliable, talented, reasonably priced, eco-friendly contractor these days.",The New York Times,"{name: subject, value: Movies, rank: 1, major: N}, {name: organizations, value: Netflix Inc, rank: 2, major: N}, {name: persons, value: Kumble, Roger, rank: 3, major: N}, {name: persons, value: Milian, Christina, rank: 4, major: N}, {name: persons, value: Demos, Adam, rank: 5, major: N}, {name: creative_works, value: Falling Inn Love (Movie), rank: 6, major: N}",2019-08-29T14:56:44+0000,374,‘Falling Inn Love’ Review: A Prize That Needs Some Work,Streaming Movie Review,,A Fine Romance to Watch While Sorting Socks,,,,By Helen T. Verongos,,Falling Inn Love,2019-08-29,0,0,98,"Romance, Comedy",English,United States of America,6.522,1098
https://www.nytimes.com/2019/08/22/movies/hot-air-review.html,Steve Coogan stars in this cumbersome political comedy.,The New York Times,"{name: subject, value: Movies, rank: 1, major: N}, {name: persons, value: Coogan, Steve, rank: 2, major: N}, {name: persons, value: Coraci, Frank, rank: 3, major: N}, {name: creative_works, value: Hot Air (Movie), rank: 4, major: N}, {name: persons, value: Campbell, Neve, rank: 5, major: N}",2019-08-22T15:50:09+0000,266,‘Hot Air’ Review: A Right-Wing Radio Host Learns to Love Again,,,Hot Air,,,,By Bilge Ebiri,,Hot Air,2018-04-10,0,0,99,Drama,English,United States of America,5.2,16
https://www.nytimes.com/2019/05/21/movies/the-tomorrow-man-review.html,Blythe Danner and John Lithgow strain to elevate this twee late-life romance.,The New York Times,"{name: subject, value: Movies, rank: 1, major: N}, {name: creative_works, value: The Tomorrow Man (Movie), rank: 2, major: N}, {name: persons, value: Danner, Blythe, rank: 3, major: N}, {name: persons, value: Lithgow, John, rank: 4, major: N}, {name: persons, value: Jones, Noble, rank: 5, major: N}",2019-05-21T11:00:01+0000,280,‘The Tomorrow Man’ Review: Love Among the Neuroses,,,"They Whirl, They Twirl, They Tango",,,,By Jeannette Catsoulis,,The Tomorrow Man,2019-05-22,0,0,94,"Drama, Romance",English,United States of America,5.6,50
https://www.nytimes.com/2019/05/16/movies/asako-i-and-ii-review.html,The Japanese director Ryusuke Hamaguchi follows up his marathon “Happy Hour” with a story of love among young urbanites.,The New York Times,"{name: subject, value: Movies, rank: 1, major: N}, {name: creative_works, value: Asako I & II (Movie), rank: 2, major: N}, {name: persons, value: Hamaguchi, Ryusuke, rank: 3, major: N}",2019-05-16T11:00:01+0000,547,‘Asako I & II’ Review: Double the Love (and the Heartbreak),Critic’s Pick,,Falling For a Drifter And His Lookalike,,,,By Glenn Kenny,,Asako I & II,2018-09-01,0,0,119,"Drama, Romance","Japanese, English",Japan,6.85,150
https://www.nytimes.com/2019/05/15/movies/the-sun-is-also-a-star-review.html,"Yara Shahidi and Charles Melton play teenagers falling in love on a hectic, sunny day in New York.",The New York Times,"{name: subject, value: Movies, rank: 1, major: N}, {name: creative_works, value: The Sun Is also a Star (Movie), rank: 2, major: N}, {name: persons, value: Russo-Young, Ry, rank: 3, major: N}, {name: persons, value: Shahidi, Yara (2000- ), rank: 4, major: N}, {name: persons, value: Yoon, Nicola (Author), rank: 5, major: N}, {name: persons, value: Melton, Charles (1991- ), rank: 6, major: N}",2019-05-15T16:01:27+0000,697,"‘The Sun Is Also a Star’ Review: A Charming, if Generic, Adolescent Love Story",,,A Beautiful Day for Young Hearts,,,,By A.O. Scott,,The Sun Is Also a Star,2019-05-16,9000000,6800000,100,"Romance, Drama",English,United States of America,7.0,558
https://www.nytimes.com/2019/05/10/movies/sheherazade-review.html,The options are few and most of them involve risk or further deprivation for these French teenagers who face the world with little support.,The New York Times,"{name: subject, value: Movies, rank: 1, major: N}, {name: organizations, value: Netflix Inc, rank: 2, major: N}, {name: creative_works, value: Sheherazade (Movie), rank: 3, major: N}, {name: persons, value: Marlin, Jean-Bernard, rank: 4, major: N}",2019-05-10T11:00:01+0000,350,‘Shéhérazade’ Review: Love in the Mean Streets of Marseille,Streaming Movie Review,,,,,,By Helen T. Verongos,,Shéhérazade,2018-09-05,0,0,106,"Drama, Thriller, Romance",French,France,7.3,236
https://www.nytimes.com/2019/05/02/movies/long-shot-review.html,The improbably yet perfectly paired stars play old friends who unexpectedly find love in this charming (and a bit vulgar) romantic comedy.,The New York Times,"{name: subject, value: Movies, rank: 1, major: N}, {name: subject, value: Comedy and Humor, rank: 2, major: N}, {name: persons, value: Odenkirk, Bob, rank: 3, major: N}, {name: persons, value: Rogen, Seth, rank: 4, major: N}, {name: persons, value: Theron, Charlize, rank: 5, major: N}, {name: creative_works, value: Long Shot (Movie), rank: 6, major: N}, {name: persons, value: Levine, Jonathan A (1976- ), rank: 7, major: N}",2019-05-02T17:43:25+0000,1025,‘Long Shot’ Review: Charlize Theron and Seth Rogen Give Good Heart,Critic’s Pick,,Beating the Odds for Love and Bliss,,,,By Manohla Dargis,,Long Shot,2019-05-02,40000000,0,125,"Comedy, Romance","French, English, Swedish",United States of America,6.74,2483
https://www.nytimes.com/2019/04/19/movies/kalank-review.html,Abhishek Varman’s maximalist melodrama delivers spectacle (some of it mind-numbing) but fails to tell a gripping story.,The New York Times,"{name: subject, value: Movies, rank: 1, major: N}, {name: creative_works, value: Kalank (Movie), rank: 2, major: N}, {name: persons, value: Varman, Abhishek, rank: 3, major: N}",2019-04-19T15:38:08+0000,479,‘Kalank’ Review: A Bollywood Love Story in the Shadow of Partition,,,An Extravagant Spectacle,,,,By Rachel Saltz,,Kalank,2019-04-17,0,0,166,"Drama, Romance",Hindi,India,5.567,45
https://www.nytimes.com/2019/04/18/movies/rafiki-review.html,The story of a romance between two Kenyan women was shown at Cannes after being banned in Kenya.,The New York Times,"{name: subject, value: Movies, rank: 1, major: N}, {name: persons, value: Kahiu, Wanuri, rank: 2, major: N}, {name: creative_works, value: Rafiki (Movie), rank: 3, major: N}, {name: persons, value: Mugatsia, Samantha, rank: 4, major: N}, {name: persons, value: Munyiva, Sheila, rank: 5, major: N}",2019-04-18T11:00:06+0000,251,"‘Rafiki’ Review: Falling in Love, Illegally",,,Rafiki,,,,By Ben Kenigsberg,,Rafiki,2018-09-26,0,181316,82,"Drama, Romance","Swahili, English","Kenya, South Africa",7.0,134
https://www.nytimes.com/2019/03/28/movies/diane-review.html,"Mary Kay Place is astonishing as a weary widow dealing with guilt, heartache and a diminishing circle of friends.",The New York Times,"{name: subject, value: Movies, rank: 1, major: N}, {name: creative_works, value: Diane (Movie), rank: 2, major: N}, {name: persons, value: Jones, Kent, rank: 3, major: N}, {name: persons, value: Place, Mary Kay, rank: 4, major: N}, {name: persons, value: Parsons, Estelle, rank: 5, major: N}, {name: persons, value: Martin, Andrea (1947- ), rank: 6, major: N}",2019-03-28T11:00:01+0000,511,"‘Diane’ Review: A Vibrant Tale of Love, Sisterhood and Decline",Critic’s Pick,,"A Vibrant Tale of Love, Sisterhood and Decline",,,,By Jeannette Catsoulis,,Diane,2019-03-28,0,0,96,Drama,English,United States of America,6.2,34
https://www.nytimes.com/2019/03/14/movies/five-feet-apart-review.html,Haley Lu Richardson and Cole Sprouse navigate the rules of attraction and of a hospital in this film about living with cystic fibrosis.,The New York Times,"{name: subject, value: Movies, rank: 1, major: N}, {name: creative_works, value: Five Feet Apart (Movie), rank: 2, major: N}, {name: persons, value: Baldoni, Justin, rank: 3, major: N}",2019-03-14T13:00:07+0000,258,‘Five Feet Apart’ Review: Ailing Teenagers Live Dangerously for Love,,,Five Feet Apart,,,,By Ben Kenigsberg,,Five Feet Apart,2019-03-14,7000000,92600000,116,"Romance, Drama","English, Spanish, French",United States of America,8.281,5311
https://www.nytimes.com/2019/03/13/movies/ash-is-purest-white-review.html,"In Jia Zhangke’s enthralling new feature, Zhao Tao and Liao Fan portray an underworld power couple at the mercy of time and fate.",The New York Times,"{name: subject, value: Movies, rank: 1, major: N}, {name: persons, value: Jia Zhang Ke, rank: 2, major: N}, {name: persons, value: Liao Fan (1974- ), rank: 3, major: N}, {name: persons, value: Zhao Tao (1977- ), rank: 4, major: N}, {name: creative_works, value: Ash Is Purest White (Movie), rank: 5, major: N}",2019-03-13T15:44:46+0000,911,‘Ash Is Purest White’ Review: Love Smolders and Crime Pays in a Changing China,Critic’s Pick,,"Gangsters’ Paradise Lost, in China",,,,By A.O. Scott,,Ash Is Purest White,2018-09-21,0,0,141,"Crime, Romance, Drama",Mandarin,"France, Japan, China",6.9,277
https://www.nytimes.com/2019/03/07/movies/gloria-bell-review.html,The Chilean writer-director Sebastián Lelio finds a perfect partner in Moore for this fantastic remake of his 2013 movie “Gloria.”,The New York Times,"{name: subject, value: Movies, rank: 1, major: N}, {name: creative_works, value: Gloria Bell (Movie), rank: 2, major: N}, {name: persons, value: Moore, Julianne, rank: 3, major: N}, {name: persons, value: Turturro, John, rank: 4, major: N}, {name: persons, value: Lelio, Sebastian, rank: 5, major: N}",2019-03-07T18:49:47+0000,991,‘Gloria Bell’ Review: Love Is in the Air for a Transcendent Julianne Moore,Critic’s Pick,,"Love, and Some Laughter, Is in the Air",,,,By Manohla Dargis,,Gloria Bell,2019-03-07,0,11145006,102,"Drama, Romance",English,"Chile, United States of America",5.9,292
https://www.nytimes.com/2019/03/06/movies/black-mother-review.html,"In Khalik Allah’s poetic movie, the most prevalent perspective is not that of a documentarian, but of a filmmaker’s love.",The New York Times,"{name: subject, value: Documentary Films and Programs, rank: 1, major: N}, {name: persons, value: Allah, Khalik (1985- ), rank: 2, major: N}, {name: creative_works, value: Black Mother (Movie), rank: 3, major: N}",2019-03-06T18:30:16+0000,380,‘Black Mother’ Review: Exploring the Roots of Life Itself,Critic’s Pick,,"Exploring the Roots of Life Itself, With Love",,,,By Glenn Kenny,,Black Mother,2018-11-02,0,0,77,Documentary,English,"Jamaica, United States of America",6.6,16
https://www.nytimes.com/2019/02/20/movies/how-to-train-your-dragon-hidden-world-review.html,The third in this franchise concerns the exigencies that poor Hiccup must face as the leader of Berk.,The New York Times,"{name: subject, value: Movies, rank: 1, major: N}, {name: persons, value: DeBlois, Dean, rank: 2, major: N}, {name: persons, value: Baruchel, Jay, rank: 3, major: N}, {name: persons, value: ABRAHAM, F MURRAY, rank: 4, major: N}, {name: persons, value: Ferrera, America, rank: 5, major: N}, {name: creative_works, value: How to Train Your Dragon: The Hidden World (Movie), rank: 6, major: N}",2019-02-21T00:02:36+0000,531,‘How to Train Your Dragon: The Hidden World’ Review: A Series Scales Up,,,Love Takes Wing Amid Trouble in Utopia,,,,By Ben Kenigsberg,,How to Train Your Dragon: The Hidden World,2019-01-03,129000000,524580592,104,"Animation, Family, Adventure",English,United States of America,7.8,5902
https://www.nytimes.com/2019/02/12/movies/sorry-angel-review.html,"Set in early 1990s Paris, Christophe Honoré’s new film presents us with a middle-aged, H.I.V.-stricken writer falling, wearily, for a bookish 20-something.",The New York Times,"{name: subject, value: Movies, rank: 1, major: N}, {name: creative_works, value: Sorry Angel (Movie), rank: 2, major: N}, {name: persons, value: Honore, Christophe, rank: 3, major: N}",2019-02-12T21:46:52+0000,491,"‘Sorry Angel’ Review: A Love Affair Two Men Start, Knowing the End",Critic’s Pick,,Attraction: That’s the Easy Part,,,,By Glenn Kenny,,Sorry Angel,2018-05-09,0,1631910,132,"Comedy, Drama, Romance","Spanish, French",France,6.8,207
https://www.nytimes.com/2019/02/07/movies/berlin-i-love-you-review.html,"The once-divided nature of Berlin isn’t given much consideration in this film, part of the Cities of Love series.",The New York Times,"{name: subject, value: Movies, rank: 1, major: N}, {name: creative_works, value: Berlin, I Love You (Movie), rank: 2, major: N}, {name: persons, value: Agron, Dianna, rank: 3, major: N}, {name: persons, value: Knightley, Keira, rank: 4, major: N}, {name: persons, value: Luna, Diego, rank: 5, major: N}, {name: persons, value: Mirren, Helen, rank: 6, major: N}, {name: persons, value: Rourke, Mickey, rank: 7, major: N}, {name: persons, value: Wilson, Luke, rank: 8, major: N}",2019-02-07T12:00:01+0000,227,"‘Berlin, I Love You’ Review: Many Stories, Not Much Feeling",,,"Berlin, I Love You",,,,By Glenn Kenny,,"Berlin, I Love You",2019-02-08,0,163908,120,Drama,"English, German","Germany, United States of America",4.7,74
https://www.nytimes.com/2019/02/07/movies/untogether-review.html,Jemima Kirke and Lola Kirke play damaged siblings in this exasperatingly affected romantic drama from Emma Forrest.,The New York Times,"{name: subject, value: Movies, rank: 1, major: N}, {name: persons, value: Dornan, Jamie, rank: 2, major: N}, {name: persons, value: Kirke, Jemima, rank: 3, major: N}, {name: persons, value: Kirke, Lola, rank: 4, major: N}, {name: creative_works, value: Untogether (Movie), rank: 5, major: N}, {name: persons, value: Forrest, Emma, rank: 6, major: N}",2019-02-07T12:00:01+0000,269,"‘Untogether’ Review: Adrift in Los Angeles, Looking for Love",,,Untogether,,,,By Jeannette Catsoulis,,Untogether,2019-02-08,0,0,98,"Comedy, Drama",English,United States of America,5.7,40
https://www.nytimes.com/2018/12/20/movies/cold-war-review.html,"In post-World War II Poland, a singer and a piano player find each other, fall in love and soon end up on opposite sides of history.",The New York Times,"{name: subject, value: Movies, rank: 1, major: N}, {name: creative_works, value: Cold War (Movie), rank: 2, major: N}, {name: persons, value: Pawlikowski, Pawel, rank: 3, major: N}, {name: persons, value: Kot, Tomasz, rank: 4, major: N}, {name: persons, value: Kulesza, Agata, rank: 5, major: N}, {name: persons, value: Szyc, Borys, rank: 6, major: N}, {name: persons, value: Kulig, Joanna, rank: 7, major: N}",2018-12-20T17:09:56+0000,981,‘Cold War’ Review: Love Without Borders,Critic’s Pick,,A Resonating Love Shall Guide You,,,,By Manohla Dargis,,Cold War,2018-06-08,4954500,18754051,88,"Drama, Romance, War, Music","German, Croatian, French, Italian, Polish, Russian","France, Poland, United Kingdom",7.473,1390
https://www.nytimes.com/2018/12/12/movies/if-beale-street-could-talk-review.html,"The couple in this adaptation of James Baldwin’s novel are loving while black, an existential truth that is turned into a nightmare.",The New York Times,"{name: subject, value: Movies, rank: 1, major: N}, {name: creative_works, value: If Beale Street Could Talk (Movie), rank: 2, major: N}, {name: persons, value: Jenkins, Barry, rank: 3, major: N}, {name: persons, value: Baldwin, James (1924-87), rank: 4, major: N}, {name: persons, value: James, Stephan (1993- ), rank: 5, major: N}, {name: persons, value: Layne, KiKi, rank: 6, major: N}, {name: persons, value: Wittrock, Finn, rank: 7, major: N}",2018-12-12T21:30:02+0000,1057,‘If Beale Street Could Talk’ Review: Trusting Love in a World Ruled by Hate,Critic’s Pick,,Love Is Forced to Live in a Nightmare,,,,By Manohla Dargis,,If Beale Street Could Talk,2018-12-14,12000000,20572691,120,"Romance, Drama",English,United States of America,6.96,1063
https://www.nytimes.com/2018/12/06/movies/asher-review.html,Ron Perlman and Famke Janssen star in this film that finds a hired killer dealing with his own mortality.,The New York Times,"{name: subject, value: Movies, rank: 1, major: N}, {name: creative_works, value: Asher (Movie), rank: 2, major: N}, {name: persons, value: Caton-Jones, Michael, rank: 3, major: N}, {name: persons, value: Perlman, Ron, rank: 4, major: N}, {name: persons, value: Janssen, Famke, rank: 5, major: N}",2018-12-06T12:00:04+0000,259,‘Asher’ Review: An Aging Hit Man Finds Love,,,Asher,,,,By Glenn Kenny,,Asher,2018-12-07,0,0,117,"Thriller, Action, Drama",English,United States of America,5.8,132
https://www.nytimes.com/2018/12/06/movies/the-great-pretender-review.html,"In Nathan Silver’s new film, American bros break the hearts of beautiful Frenchwomen. Realism or wishful thinking?",The New York Times,"{name: subject, value: Movies, rank: 1, major: N}, {name: creative_works, value: The Great Pretender (Movie), rank: 2, major: N}, {name: persons, value: Silver, Nathan (Film Director), rank: 3, major: N}, {name: persons, value: Garrel, Esther, rank: 4, major: N}",2018-12-06T12:00:01+0000,317,‘The Great Pretender’ Review: Tedious Love Affairs in Artsy Brooklyn,,,The Great Pretender,,,,By Glenn Kenny,,The Great Pretender,1991-04-14,0,0,93,"Drama, TV Movie",English,United States of America,1.0,1
https://www.nytimes.com/2018/11/29/movies/sicilian-ghost-story-review.html,"Flipping from bucolic to brutal with distressing ease, this beautifully realized movie views a Mafia kidnapping through the prism of first love.",The New York Times,"{name: subject, value: Movies, rank: 1, major: N}, {name: creative_works, value: Sicilian Ghost Story (Movie), rank: 2, major: N}, {name: persons, value: Grassadonia, Fabio, rank: 3, major: N}, {name: persons, value: Piazza, Antonio, rank: 4, major: N}",2018-11-29T12:00:06+0000,258,‘Sicilian Ghost Story’ Review: Fairy-Tale Love Meets Real-Life Crime,Critic’s Pick,,Love in an Enchanted Forest Turns Eerie,,,,By Jeannette Catsoulis,,Sicilian Ghost Story,2017-11-18,0,0,122,"Mystery, Drama, Fantasy",Italian,"France, Italy, Switzerland",6.6,135
https://www.nytimes.com/2018/11/08/movies/the-new-romantic-review.html,A college newspaper columnist writes about her experiences trading gifts for sex in a film that squanders its good will.,The New York Times,"{name: subject, value: Movies, rank: 1, major: N}, {name: creative_works, value: The New Romantic (Movie), rank: 2, major: N}, {name: persons, value: Barden, Jessica (1992- ), rank: 3, major: N}, {name: persons, value: Stone, Carly (Film Director), rank: 4, major: N}",2018-11-08T12:05:01+0000,269,‘The New Romantic’ Review: Experiments With Love and Money,,,The New Romantic,,,,By Teo Bugbee,,The New Romantic,2018-10-19,0,0,82,"Drama, Comedy",English,Canada,6.2,105
https://www.nytimes.com/2018/11/08/movies/pimp-review.html,This lurid melodrama follows a female pimp (Keke Palmer) and her girlfriend-prostitute.,The New York Times,"{name: subject, value: Movies, rank: 1, major: N}, {name: persons, value: Palmer, Keke, rank: 2, major: N}, {name: persons, value: Gathegi, Edi, rank: 3, major: N}, {name: persons, value: Crokos, Christine, rank: 4, major: N}, {name: creative_works, value: Pimp (Movie), rank: 5, major: N}",2018-11-08T12:00:01+0000,270,‘Pimp’ Review: Blaxploitation and Lesbian Love,,,Pimp,,,,By Jeannette Catsoulis,,Pimp,2018-11-09,0,0,86,Drama,English,United States of America,6.6,27
https://www.nytimes.com/2018/11/08/movies/in-a-relationship-review.html,"Sam Boyd’s gentle, loose-limbed romantic comedy wins no prizes for originality.",The New York Times,"{name: subject, value: Movies, rank: 1, major: N}, {name: persons, value: Roberts, Emma (1991- ), rank: 2, major: N}, {name: persons, value: ANGARANO, MICHAEL, rank: 3, major: N}, {name: persons, value: Hemingway, Dree (1987- ), rank: 4, major: N}, {name: creative_works, value: In a Relationship (Movie), rank: 5, major: N}, {name: persons, value: Boyd, Sam (Film Director), rank: 6, major: N}",2018-11-08T12:00:01+0000,253,‘In a Relationship’ Review: Two Couples at Opposite Stages of Love,,,In a Relationship,,,,By Jeannette Catsoulis,,In a Relationship,2018-11-09,0,0,92,"Drama, Comedy, Romance",English,"Mexico, United States of America",5.9,98
https://www.nytimes.com/2018/09/20/movies/quincy-review-quincy-jones.html,"A documentary reveals its octogenarian subject as still busy and productive, and not a little haunted by memories of friends now gone.",The New York Times,"{name: creative_works, value: Quincy (Movie), rank: 1, major: N}, {name: persons, value: Jones, Quincy, rank: 2, major: N}, {name: persons, value: Jones, Rashida, rank: 3, major: N}, {name: persons, value: Hicks, Alan, rank: 4, major: N}, {name: subject, value: Documentary Films and Programs, rank: 5, major: N}, {name: subject, value: Music, rank: 6, major: N}, {name: organizations, value: Netflix Inc, rank: 7, major: N}",2018-09-20T14:00:01+0000,460,Review: ‘Quincy’ Captures a Lifelong Love Affair With Music,,,The Man Behind the Music,,,,By Glenn Kenny,,Quincy,2018-09-21,0,0,124,"Documentary, Music",English,United States of America,7.3,95
https://www.nytimes.com/2018/05/24/movies/how-to-talk-to-girls-at-parties-review.html,John Cameron Mitchell’s loony romantic comedy encourages young love to bloom in the soil of an alien visitation.,The New York Times,"{name: subject, value: Movies, rank: 1, major: N}, {name: creative_works, value: How to Talk to Girls at Parties (Movie), rank: 2, major: N}, {name: persons, value: Mitchell, John Cameron, rank: 3, major: N}, {name: persons, value: Fanning, Elle, rank: 4, major: N}, {name: persons, value: Sharp, Alexander, rank: 5, major: N}",2018-05-24T11:00:01+0000,458,Review: An Alien Teaches a Teenage Punk ‘How to Talk to Girls at Parties’,,,Otherworldly Love in a Punk-Rock World,,,,By Jeannette Catsoulis,,How to Talk to Girls at Parties,2017-10-06,0,0,103,"Comedy, Music, Romance, Science Fiction",English,"United Kingdom, United States of America",6.0,352
https://www.nytimes.com/2018/04/18/movies/godard-mon-amour-review.html,A portrait of a filmmaker in crisis that might have worked better as a comedy sketch.,The New York Times,"{name: subject, value: Movies, rank: 1, major: N}, {name: creative_works, value: Godard Mon Amour (Movie), rank: 2, major: N}, {name: persons, value: Hazanavicius, Michel, rank: 3, major: N}, {name: persons, value: Godard, Jean-Luc, rank: 4, major: N}, {name: persons, value: Wiazemsky, Anne, rank: 5, major: N}, {name: persons, value: Garrel, Louis, rank: 6, major: N}",2018-04-18T23:02:46+0000,937,"Review: If You Love Godard, You’ll Hate-Watch ‘Godard Mon Amour’",,,"A Portrait and, for Some, a Hate-Watch",,,,By A.O. Scott,,Godard Mon Amour,2017-06-24,12840746,82264,108,"Drama, Romance, Comedy","Czech, French, English, Italian","Myanmar, France",6.7,330
https://www.nytimes.com/2018/03/29/movies/outside-in-review-jay-duplass-edie-falco.html,Edie Falco and Jay Duplass connect romantically in this life-after-prison drama that prioritizes patience and pragmatism over passion.,The New York Times,"{name: subject, value: Movies, rank: 1, major: N}, {name: creative_works, value: Outside In (Movie), rank: 2, major: N}, {name: persons, value: Shelton, Lynn, rank: 3, major: N}, {name: persons, value: Duplass, Jay, rank: 4, major: N}, {name: persons, value: Falco, Edie, rank: 5, major: N}, {name: persons, value: Dever, Kaitlyn, rank: 6, major: N}",2018-03-29T11:00:01+0000,422,Review: On Parole and in Love in ‘Outside In’,,,On Parole and in Love,,,,By Jeannette Catsoulis,,Outside In,2018-03-30,0,0,109,Drama,English,United States of America,6.2,89
https://www.nytimes.com/2018/02/15/movies/the-party-review-timothy-spall-kristin-scott-thomas.html,Sally Potter directs a very fine cast in a would-be comedy about a calamitously bad evening.,The New York Times,"{name: subject, value: Movies, rank: 1, major: N}, {name: creative_works, value: The Party (Movie), rank: 2, major: N}, {name: persons, value: Potter, Sally, rank: 3, major: N}, {name: persons, value: Spall, Timothy, rank: 4, major: N}, {name: persons, value: Scott Thomas, Kristin, rank: 5, major: N}",2018-02-15T12:00:25+0000,598,Review: A London Night Goes Wrong in ‘The Party’,,,"  Invite Company. Because After All, Misery Loves It.",,,,By Manohla Dargis,,The Party,1968-04-04,1500000,2900000,99,Comedy,English,United States of America,7.3,691
https://www.nytimes.com/2018/01/18/movies/kangaroo-a-love-hate-story-review.html,"The documentary looks at the mass killings of kangaroos for pet-food companies, leather processors and ranchers in Australia.",The New York Times,"{name: creative_works, value: Kangaroo: A Love-Hate Story (Movie), rank: 1, major: N}, {name: subject, value: Kangaroos, rank: 2, major: N}, {name: subject, value: Animal Abuse, Rights and Welfare, rank: 3, major: N}, {name: persons, value: McIntyre Clere, Kate, rank: 4, major: N}, {name: persons, value: McIntyre, Mick, rank: 5, major: N}, {name: subject, value: Documentary Films and Programs, rank: 6, major: N}, {name: glocations, value: Australia, rank: 7, major: N}",2018-01-18T12:00:23+0000,263,Review: ‘Kangaroo: A Love-Hate Story’ Exposes a Wildlife Massacre,,,Kangaroo: A Love-Hate Story,,,,By Ken Jaworowski,,Kangaroo: A Love-Hate Story,2018-01-19,0,0,103,Documentary,English,Australia,10.0,2
https://www.nytimes.com/2018/01/11/movies/lover-for-a-day-review-philippe-garrel.html,"In Philippe Garrel’s drama, a 23-year-old woman moves in with her father and his 23-year-old girlfriend. Complications ensue.",The New York Times,"{name: subject, value: Movies, rank: 1, major: N}, {name: creative_works, value: Lover for a Day (Movie), rank: 2, major: N}, {name: persons, value: Garrel, Philippe, rank: 3, major: N}",2018-01-11T16:20:53+0000,863,Review: A Man and a Woman (and Another Woman) in ‘Lover for a Day’,,,A Love Triangle With Angles That Are Awkward,,,,By Manohla Dargis,,Lover for a Day,2017-05-31,0,23692,76,"Drama, Romance",French,France,6.2,74
https://www.nytimes.com/2017/12/14/movies/killing-for-love-review.html,"The true-crime documentary lays out a persuasive case for reasonable doubt in the case against Jens Soering, who was convicted, along with his girlfriend.",The New York Times,"{name: creative_works, value: Killing for Love (Movie), rank: 1, major: N}, {name: persons, value: Soering, Jens, rank: 2, major: N}, {name: persons, value: Haysom, Elizabeth, rank: 3, major: N}, {name: persons, value: Vetter, Marcus (1967- ), rank: 4, major: N}, {name: persons, value: Steinberger, Karin, rank: 5, major: N}, {name: subject, value: Documentary Films and Programs, rank: 6, major: N}, {name: subject, value: Murders, Attempted Murders and Homicides, rank: 7, major: N}",2017-12-14T12:00:26+0000,281,Review: ‘Killing for Love’ Revisits a Virginia Murder Case,,,Killing for Love,,,,By Ben Kenigsberg,,Killing for Love,2016-10-27,300000,0,131,"Crime, Documentary","English, German","Sweden, Germany, United Kingdom, Netherlands, Denmark",6.4,40
https://www.nytimes.com/2017/11/30/movies/the-shape-of-water-review-guillermo-del-toro.html,"Guillermo del Toro’s latest film is an unlikely and lyrical love story, inspired by “Creature From the Black Lagoon.”",The New York Times,"{name: subject, value: Movies, rank: 1, major: N}, {name: creative_works, value: The Shape of Water (Movie), rank: 2, major: N}, {name: persons, value: Del Toro, Guillermo, rank: 3, major: N}, {name: persons, value: Spencer, Octavia, rank: 4, major: N}, {name: persons, value: Shannon, Michael, rank: 5, major: N}, {name: persons, value: Hawkins, Sally, rank: 6, major: N}, {name: persons, value: Jones, Doug (1960- ), rank: 7, major: N}",2017-11-30T16:10:56+0000,924,Review: ‘The Shape of Water’ Is Altogether Wonderful,,,A Monster Worthy of Love,,,,By A.O. Scott,,The Shape of Water,2017-12-01,19500000,195333312,123,"Drama, Fantasy, Romance","English, Russian",United States of America,7.248,11591
https://www.nytimes.com/2017/11/23/movies/cuba-and-the-cameraman-review.html,The filmmaker Jon Alpert has been visiting and documenting Cuba for 45 years. His new movie looks back fondly at its people and its leader.,The New York Times,"{name: subject, value: Documentary Films and Programs, rank: 1, major: N}, {name: glocations, value: Cuba, rank: 2, major: N}, {name: creative_works, value: Cuba and the Cameraman (Movie), rank: 3, major: N}, {name: persons, value: ALPERT, JON, rank: 4, major: N}",2017-11-23T12:00:20+0000,427,Review: ‘Cuba and the Cameraman’ Lavishes Love on a Country … and Castro,,,Cuba and the Cameraman,,,,By Glenn Kenny,,Cuba and the Cameraman,2017-09-08,0,0,113,Documentary,"Spanish, English","Cuba, United States of America",7.51,102
https://www.nytimes.com/2017/11/16/movies/on-the-beach-at-night-alone-review-hong-sang-soo.html,Kim Min-hee stars in a new film from the prolific South Korean director Hong Sang-soo. The movie has been seen as based partly on their affair.,The New York Times,"{name: subject, value: Movies, rank: 1, major: N}, {name: creative_works, value: On the Beach at Night Alone (Movie), rank: 2, major: N}, {name: persons, value: Hong Sang-soo, rank: 3, major: N}, {name: persons, value: Kim Min-hee, rank: 4, major: N}",2017-11-16T12:00:20+0000,520,Review: ‘On the Beach at Night Alone’ Zooms in on a Love Affair,,,"Fiction, With Real Life Getting in the Way",,,,By A.O. Scott,,On the Beach at Night Alone,2017-03-23,0,0,101,Drama,Korean,South Korea,6.5,123
https://www.nytimes.com/2017/10/05/movies/the-mountain-between-us-review-kate-winslet-idris-elba.html,Idris Elba and Kate Winslet crash into a mountain — and each other — in this drama.,The New York Times,"{name: subject, value: Movies, rank: 1, major: N}, {name: creative_works, value: The Mountain Between Us (Movie), rank: 2, major: N}, {name: persons, value: ABU-ASSAD, HANY, rank: 3, major: N}, {name: persons, value: Elba, Idris, rank: 4, major: N}, {name: persons, value: Winslet, Kate, rank: 5, major: N}",2017-10-05T11:00:05+0000,272,Review: Love in a Cold Climate in ‘The Mountain Between Us’,,,The Mountain Between Us,,,,By Jeannette Catsoulis,,The Mountain Between Us,2017-10-05,35000000,62832209,109,"Drama, Adventure, Romance",English,United States of America,6.615,2205
https://www.nytimes.com/2017/09/14/movies/in-search-of-fellini-review.html,A sheltered young woman enamored of the films of the famous director sets off to Italy to meet him.,The New York Times,"{name: subject, value: Movies, rank: 1, major: N}, {name: creative_works, value: In Search of Fellini (Movie), rank: 2, major: N}, {name: persons, value: Cartwright, Nancy, rank: 3, major: N}, {name: persons, value: Solo, Ksenia, rank: 4, major: N}, {name: persons, value: Lexton, Taron, rank: 5, major: N}",2017-09-14T11:00:24+0000,272,Review: Love of Il Maestro Drives ‘In Search of Fellini’,,,In Search of Fellini,,,,By Monica Castillo,,In Search of Fellini,2017-09-15,0,0,93,"Drama, Adventure",English,,5.8,37
https://www.nytimes.com/2017/08/24/movies/tales-of-an-immoral-couple-review.html,"Twenty-five years after they split, two former high school sweethearts reluctantly reunite for an awkward night.",The New York Times,"{name: subject, value: Movies, rank: 1, major: N}, {name: creative_works, value: Tales of an Immoral Couple (Movie), rank: 2, major: N}, {name: persons, value: Caro, Manolo, rank: 3, major: N}",2017-08-24T16:22:43+0000,284,Review: ‘Tales of an Immoral Couple’: Love Means Having to Grow Up,,,Tales of an Immoral Couple,,,,By Monica Castillo,,Tales of an Immoral Couple,2016-10-28,0,0,91,"Comedy, Romance",Spanish,Mexico,6.09,50
https://www.nytimes.com/2017/07/27/movies/the-last-face-review-charlize-theron-sean-penn.html,"In war-torn Liberia, Charlize Theron and Javier Bardem face a big problem: how to keep their knotty relationship from fizzling.",The New York Times,"{name: subject, value: Movies, rank: 1, major: N}, {name: creative_works, value: The Last Face (Movie), rank: 2, major: N}, {name: persons, value: Penn, Sean, rank: 3, major: N}, {name: persons, value: Bardem, Javier, rank: 4, major: N}, {name: persons, value: Theron, Charlize, rank: 5, major: N}",2017-07-27T20:29:01+0000,280,Review: Aid Workers in Love and War in Sean Penn’s ‘The Last Face’,,,The Last Face,,,,By Glenn Kenny,,The Last Face,2017-01-11,0,0,130,Drama,"English, Portuguese",United States of America,5.6,184
https://www.nytimes.com/2017/06/15/movies/lost-in-paris-review.html,"The filmmakers Fiona Gordon and Dominique Abel star in their fourth movie, a tale infused with physical comedy about a woman in search of her aunt.",The New York Times,"{name: creative_works, value: Lost in Paris (Movie), rank: 1, major: N}, {name: subject, value: Movies, rank: 2, major: N}, {name: persons, value: Abel, Dominique, rank: 3, major: N}, {name: persons, value: Gordon, Fiona, rank: 4, major: N}, {name: persons, value: Riva, Emmanuelle, rank: 5, major: N}",2017-06-15T19:37:09+0000,254,Review: Finding Love (and Slapstick) While ‘Lost in Paris’,,,Lost in Paris,,,,By Ben Kenigsberg,,Lost in Paris,2017-01-14,0,0,83,Comedy,French,"Belgium, France",6.0,109
https://www.nytimes.com/2017/05/11/movies/hounds-of-love-review.html,This feature debut of the Australian filmmaker Ben Young resembles a real-life couple’s killing spree in the 1980s.,The New York Times,"{name: subject, value: Movies, rank: 1, major: N}, {name: creative_works, value: Hounds of Love (Movie), rank: 2, major: N}, {name: persons, value: Young, Ben (Film Director), rank: 3, major: N}",2017-05-11T20:16:51+0000,280,Review: ‘Hounds of Love’ Is Tense and Deadly Down Under,,,Hounds of Love,,,,By Ben Kenigsberg,,Hounds of Love,2016-10-07,0,0,108,"Crime, Drama, Horror",English,Australia,6.1,314
https://www.nytimes.com/2017/04/20/movies/the-promise-review-oscar-isaac.html,"Oscar Isaac, Christian Bale and Charlotte Le Bon star in this wartime romance with a heavy subject (genocide) but a corny plot.",The New York Times,"{name: subject, value: Movies, rank: 1, major: N}, {name: creative_works, value: The Promise (Movie), rank: 2, major: N}, {name: persons, value: George, Terry, rank: 3, major: N}, {name: persons, value: Bale, Christian, rank: 4, major: N}, {name: persons, value: Isaac, Oscar, rank: 5, major: N}, {name: persons, value: Le Bon, Charlotte, rank: 6, major: N}",2017-04-20T16:49:46+0000,455,Review: ‘The Promise’ Finds a Love Triangle in Constantinople,,,"A Love Triangle, Near the Front Lines",,,,By Jeannette Catsoulis,,The Promise,2016-12-02,90000000,12448676,133,"History, Romance, Drama","Armenian, German, English, French","Spain, United States of America",7.0,421
https://www.nytimes.com/2017/03/09/movies/the-other-half-review-tatiana-maslany.html,This moody romance stars Tatiana Maslany (“Orphan Black”) as a bipolar painter in love with a brooding cabby (Tom Cullen of “Downton Abbey”).,The New York Times,"{name: subject, value: Movies, rank: 1, major: N}, {name: creative_works, value: The Other Half (Movie), rank: 2, major: N}, {name: persons, value: Maslany, Tatiana, rank: 3, major: N}, {name: persons, value: Cullen, Tom (1985- ), rank: 4, major: N}, {name: persons, value: Klein, Joey (Film Director), rank: 5, major: N}",2017-03-09T21:54:58+0000,251,Review: A Combustible Pair Find Love in ‘The Other Half’,,,Review: A Combustible Pair Find Love in ‘The Other Half’,,,,By Andy Webster,,The Other Half,2016-12-02,0,0,103,"Drama, Romance",English,Canada,6.2,21
https://www.nytimes.com/2017/03/09/movies/review-the-ottoman-lieutenant.html,A nurse travels to the Ottoman Empire on the eve of World War I. Can romance blossom amid earthshaking events?,The New York Times,"{name: subject, value: Movies, rank: 1, major: N}, {name: creative_works, value: The Ottoman Lieutenant (Movie), rank: 2, major: N}, {name: persons, value: Ruben, Joseph, rank: 3, major: N}, {name: persons, value: Hartnett, Josh, rank: 4, major: N}, {name: persons, value: Stockwell, Jeff (1958- ), rank: 5, major: N}, {name: persons, value: Hilmar, Hera, rank: 6, major: N}, {name: persons, value: Huisman, Michiel, rank: 7, major: N}",2017-03-09T21:53:12+0000,267,"Review: Love as the World Wars, in ‘The Ottoman Lieutenant’",,,"Review: Love as the World Wars, in ‘The Ottoman Lieutenant’",,,,By Neil Genzlinger,,The Ottoman Lieutenant,2017-03-10,40000000,413844,111,"Romance, Drama, War","Turkish, English","Turkey, United States of America",6.2,241
